<?xml version="1.0" encoding="UTF-8"?>
<form id="7733248">
    <code>doc_246Trichloropyrimidine-27817_form</code>
    <type>NORMAL</type>
    <name>chemical data sheet</name>
    <createDate>1550001097000</createDate>
    <modificationDate>1550001098081</modificationDate>
    <publishingState>PUBLISHED</publishingState>
    <formVersion>2</formVersion>
    <schemaVersion>1</schemaVersion>
    <listFormFields>
        <fieldForm id="5603328">
            <code>doc_246Trichloropyrimidine-27817_form_field_0</code>
            <name>Name</name>
            <columnIndex>0</columnIndex>
            <modificationDate>1550001098001</modificationDate>
            <type>String</type>
            <summary>Type: [STRING], Is password: [false], Default : [Unspecified] </summary>
            <defaultValue/>
            <isPassword>false</isPassword>
        </fieldForm>
        <fieldForm id="5603329">
            <code>doc_246Trichloropyrimidine-27817_form_field_1</code>
            <name>Purchased</name>
            <columnIndex>1</columnIndex>
            <modificationDate>1550001098070</modificationDate>
            <type>Date</type>
            <summary>Type: [DATE], Min date: [01/01/2017], Max date: [Unspecified], Default date: [Unspecified]</summary>
            <min>01/01/2017</min>
            <max/>
            <defaultValue/>
            <isPassword>false</isPassword>
            <dateFormat>dd/MM/yyyy</dateFormat>
        </fieldForm>
        <fieldForm id="5603330">
            <code>doc_246Trichloropyrimidine-27817_form_field_2</code>
            <name>Expires</name>
            <columnIndex>2</columnIndex>
            <modificationDate>1550001098071</modificationDate>
            <type>Date</type>
            <summary>Type: [DATE], Min date: [Unspecified], Max date: [Unspecified], Default date: [Unspecified]</summary>
            <min/>
            <max/>
            <defaultValue/>
            <isPassword>false</isPassword>
            <dateFormat>dd/MM/yyyy</dateFormat>
        </fieldForm>
        <fieldForm id="5603331">
            <code>doc_246Trichloropyrimidine-27817_form_field_3</code>
            <name>CAS Number</name>
            <columnIndex>3</columnIndex>
            <modificationDate>1550001098072</modificationDate>
            <type>String</type>
            <summary>Type: [STRING], Is password: [false], Default : [Unspecified] </summary>
            <defaultValue/>
            <isPassword>false</isPassword>
        </fieldForm>
        <fieldForm id="5603332">
            <code>doc_246Trichloropyrimidine-27817_form_field_4</code>
            <name>PubChem ID</name>
            <columnIndex>4</columnIndex>
            <modificationDate>1550001098073</modificationDate>
            <type>String</type>
            <summary>Type: [STRING], Is password: [false], Default : [Unspecified] </summary>
            <defaultValue/>
            <isPassword>false</isPassword>
        </fieldForm>
        <fieldForm id="5603333">
            <code>doc_246Trichloropyrimidine-27817_form_field_5</code>
            <name>Formula</name>
            <columnIndex>5</columnIndex>
            <modificationDate>1550001098074</modificationDate>
            <type>String</type>
            <summary>Type: [STRING], Is password: [false], Default : [Unspecified] </summary>
            <defaultValue/>
            <isPassword>false</isPassword>
        </fieldForm>
        <fieldForm id="5603334">
            <code>doc_246Trichloropyrimidine-27817_form_field_6</code>
            <name>Molecular Weight</name>
            <columnIndex>6</columnIndex>
            <modificationDate>1550001098076</modificationDate>
            <type>Number</type>
            <summary>Type: [NUMBER], Min value: [null], Max value: [null], Default value: [null]</summary>
            <min/>
            <max/>
            <defaultValue/>
            <isPassword>false</isPassword>
            <decimalPlace>2</decimalPlace>
        </fieldForm>
        <fieldForm id="5603335">
            <code>doc_246Trichloropyrimidine-27817_form_field_7</code>
            <name>Last Inventory check</name>
            <columnIndex>7</columnIndex>
            <modificationDate>1550001098077</modificationDate>
            <type>Date</type>
            <summary>Type: [DATE], Min date: [Unspecified], Max date: [Unspecified], Default date: [Unspecified]</summary>
            <min/>
            <max/>
            <defaultValue/>
            <isPassword>false</isPassword>
            <dateFormat>dd/MM/yyyy</dateFormat>
        </fieldForm>
        <fieldForm id="5603336">
            <code>doc_246Trichloropyrimidine-27817_form_field_8</code>
            <name>Container on shelf image</name>
            <columnIndex>8</columnIndex>
            <modificationDate>1550001098079</modificationDate>
            <type>Text</type>
            <summary>Type: [TEXT], Default : [Photo of container showing location at last inventory] </summary>
            <defaultValue>Photo of container showing location at last inventory</defaultValue>
            <isPassword>false</isPassword>
        </fieldForm>
        <fieldForm id="5603337">
            <code>doc_246Trichloropyrimidine-27817_form_field_9</code>
            <name>Chemical details table</name>
            <columnIndex>9</columnIndex>
            <modificationDate>1550001098080</modificationDate>
            <type>Text</type>
            <summary>Type: [TEXT], Default : [Unspecified] </summary>
            <defaultValue/>
            <isPassword>false</isPassword>
        </fieldForm>
        <fieldForm id="5603338">
            <code>doc_246Trichloropyrimidine-27817_form_field_10</code>
            <name>Usage log</name>
            <columnIndex>10</columnIndex>
            <modificationDate>1550001098081</modificationDate>
            <type>Text</type>
            <summary>Type: [TEXT], Default : [Unspecified] </summary>
            <defaultValue/>
            <isPassword>false</isPassword>
        </fieldForm>
    </listFormFields>
</form>
