<?xml version="1.0" encoding="UTF-8"?>
<archivalDocument docId="27817">
    <name>2,4,6-Trichloropyrimidine</name>
    <type>NORMAL</type>
    <createdBy>danafarber1</createdBy>
    <tag>chemical</tag>
    <formType>NORMAL</formType>
    <creationDate>2019-02-12T19:51:38Z</creationDate>
    <lastModifiedDate>2019-02-12T19:51:44.193Z</lastModifiedDate>
    <recordVersion>8</recordVersion>
    <folderId>27816</folderId>
    <folderName>Chemistry data sheets</folderName>
    <folderType>FOLDER</folderType>
    <schemaVersion>1</schemaVersion>
    <listFields>
        <field id="34537476">
            <fieldName>Name</fieldName>
            <fieldType>STRING</fieldType>
            <lastModifiedDate>2019-02-12</lastModifiedDate>
            <fieldData>2,4,6-Trichloropyrimidine</fieldData>
            <commentList/>
            <imageList/>
            <audioList/>
            <videoList/>
            <chemdooleImageList/>
            <mathList/>
            <ImageAnnotationList/>
            <attachList/>
            <linkRecordList/>
            <sketchImageList/>
            <nfsElementList/>
        </field>
        <field id="34537477">
            <fieldName>Purchased</fieldName>
            <fieldType>DATE</fieldType>
            <lastModifiedDate>2019-02-12</lastModifiedDate>
            <fieldData>01/02/2019</fieldData>
            <commentList/>
            <imageList/>
            <audioList/>
            <videoList/>
            <chemdooleImageList/>
            <mathList/>
            <ImageAnnotationList/>
            <attachList/>
            <linkRecordList/>
            <sketchImageList/>
            <nfsElementList/>
        </field>
        <field id="34537478">
            <fieldName>Expires</fieldName>
            <fieldType>DATE</fieldType>
            <lastModifiedDate>2019-02-12</lastModifiedDate>
            <fieldData>01/01/2021</fieldData>
            <commentList/>
            <imageList/>
            <audioList/>
            <videoList/>
            <chemdooleImageList/>
            <mathList/>
            <ImageAnnotationList/>
            <attachList/>
            <linkRecordList/>
            <sketchImageList/>
            <nfsElementList/>
        </field>
        <field id="34537479">
            <fieldName>CAS Number</fieldName>
            <fieldType>STRING</fieldType>
            <lastModifiedDate>2019-02-12</lastModifiedDate>
            <fieldData>3764-01-0</fieldData>
            <commentList/>
            <imageList/>
            <audioList/>
            <videoList/>
            <chemdooleImageList/>
            <mathList/>
            <ImageAnnotationList/>
            <attachList/>
            <linkRecordList/>
            <sketchImageList/>
            <nfsElementList/>
        </field>
        <field id="34537480">
            <fieldName>PubChem ID</fieldName>
            <fieldType>STRING</fieldType>
            <lastModifiedDate>2019-02-12</lastModifiedDate>
            <fieldData>77378</fieldData>
            <commentList/>
            <imageList/>
            <audioList/>
            <videoList/>
            <chemdooleImageList/>
            <mathList/>
            <ImageAnnotationList/>
            <attachList/>
            <linkRecordList/>
            <sketchImageList/>
            <nfsElementList/>
        </field>
        <field id="34537481">
            <fieldName>Formula</fieldName>
            <fieldType>STRING</fieldType>
            <lastModifiedDate>2019-02-12</lastModifiedDate>
            <fieldData>C4HCl3N2</fieldData>
            <commentList/>
            <imageList/>
            <audioList/>
            <videoList/>
            <chemdooleImageList/>
            <mathList/>
            <ImageAnnotationList/>
            <attachList/>
            <linkRecordList/>
            <sketchImageList/>
            <nfsElementList/>
        </field>
        <field id="34537482">
            <fieldName>Molecular Weight</fieldName>
            <fieldType>NUMBER</fieldType>
            <lastModifiedDate>2019-02-12</lastModifiedDate>
            <fieldData>183.42</fieldData>
            <commentList/>
            <imageList/>
            <audioList/>
            <videoList/>
            <chemdooleImageList/>
            <mathList/>
            <ImageAnnotationList/>
            <attachList/>
            <linkRecordList/>
            <sketchImageList/>
            <nfsElementList/>
        </field>
        <field id="34537483">
            <fieldName>Last Inventory check</fieldName>
            <fieldType>DATE</fieldType>
            <lastModifiedDate>2019-02-12</lastModifiedDate>
            <fieldData>04/02/2019</fieldData>
            <commentList/>
            <imageList/>
            <audioList/>
            <videoList/>
            <chemdooleImageList/>
            <mathList/>
            <ImageAnnotationList/>
            <attachList/>
            <linkRecordList/>
            <sketchImageList/>
            <nfsElementList/>
        </field>
        <field id="34537484">
            <fieldName>Container on shelf image</fieldName>
            <fieldType>TEXT</fieldType>
            <lastModifiedDate>2019-02-12</lastModifiedDate>
            <fieldData>&lt;p&gt;Photo of container showing location at last inventory&lt;/p&gt; 
&lt;p&gt;&amp;nbsp;&lt;/p&gt; 
&lt;p&gt;&lt;img id="34537484-27818" class="imageDropped inlineImageThumbnail" src="57e9d328b7aa50eefada736394e3b4f8_1550001098277.jpg" alt="image 57e9d328b7aa50eefada736394e3b4f8.jpg" width="644" height="417" data-size="644-417 data-rotation=0"&gt;&lt;/p&gt; 
&lt;p&gt;&amp;nbsp;&lt;/p&gt;</fieldData>
            <commentList/>
            <imageList>
                <image-Info id="27818" parentGalleryFolderId="6431">
                    <schemaVersion>1</schemaVersion>
                    <parentId>34537484</parentId>
                    <fileName>57e9d328b7aa50eefada736394e3b4f8_1550001098277.jpg</fileName>
                    <name>storage.jpg</name>
                    <linkFile>57e9d328b7aa50eefada736394e3b4f8_1550001098277.jpg</linkFile>
                    <contentType>image/jpeg</contentType>
                    <extension>jpg</extension>
                    <creationDate>2019-02-12T19:51:38Z</creationDate>
                    <modificationDate>2019-02-12T19:53:37.662Z</modificationDate>
                    <createdBy>dcopper</createdBy>
                </image-Info>
            </imageList>
            <audioList/>
            <videoList/>
            <chemdooleImageList/>
            <mathList/>
            <ImageAnnotationList/>
            <attachList/>
            <linkRecordList/>
            <sketchImageList/>
            <nfsElementList/>
        </field>
        <field id="34537485">
            <fieldName>Chemical details table</fieldName>
            <fieldType>TEXT</fieldType>
            <lastModifiedDate>2019-02-12</lastModifiedDate>
            <fieldData>&lt;p&gt;&amp;nbsp;&lt;/p&gt; 
&lt;table class="top-summary-items" style="height: 77px; width: 839px;"&gt; 
 &lt;tbody&gt; 
  &lt;tr style="height: 11px;"&gt; 
   &lt;th style="height: 11px; width: 121.33152770996094px;"&gt;PubChem CID:&lt;/th&gt; 
   &lt;td style="height: 11px; width: 686.4945678710938px;"&gt;77378&lt;/td&gt; 
  &lt;/tr&gt; 
  &lt;tr style="height: 11px;"&gt; 
   &lt;th style="height: 11px; width: 121.33152770996094px;"&gt;Chemical Names:&lt;/th&gt; 
   &lt;td class="breakword" style="height: 11px; width: 686.4945678710938px;"&gt;2,4,6-Trichloropyrimidine; 3764-01-0; Pyrimidine, 2,4,6-trichloro-; 2,4,6-trichloro pyrimidine; 2,4,6-trichloro-pyrimidine; NSC 6494&amp;nbsp;&amp;nbsp;&amp;nbsp;&lt;a class="section-toc-link link-btn important-btn" href="https://pubchem.ncbi.nlm.nih.gov/compound/77378#section=Synonyms" data-section="Synonyms"&gt;More...&lt;/a&gt;&lt;/td&gt; 
  &lt;/tr&gt; 
  &lt;tr style="height: 22px;"&gt; 
   &lt;th style="height: 22px; width: 121.33152770996094px;"&gt;Molecular Formula:&lt;/th&gt; 
   &lt;td style="height: 22px; width: 686.4945678710938px;"&gt;&lt;a title="Find all compounds with formula C4HCl3N2" href="https://pubchem.ncbi.nlm.nih.gov/search/#query=C4HCl3N2"&gt;C&lt;sub&gt;4&lt;/sub&gt;HCl&lt;sub&gt;3&lt;/sub&gt;N&lt;sub&gt;2&lt;/sub&gt;&lt;/a&gt;&lt;/td&gt; 
  &lt;/tr&gt; 
  &lt;tr style="height: 11px;"&gt; 
   &lt;th style="height: 11px; width: 121.33152770996094px;"&gt;Molecular Weight:&lt;/th&gt; 
   &lt;td style="height: 11px; width: 686.4945678710938px;"&gt;183.416 g/mol&lt;/td&gt; 
  &lt;/tr&gt; 
  &lt;tr style="height: 11px;"&gt; 
   &lt;th style="height: 11px; width: 121.33152770996094px;"&gt;InChI Key:&lt;/th&gt; 
   &lt;td style="height: 11px; width: 686.4945678710938px;"&gt;DPVIABCMTHHTGB-UHFFFAOYSA-N&lt;/td&gt; 
  &lt;/tr&gt; 
  &lt;tr style="height: 11px;"&gt; 
   &lt;th style="height: 11px; width: 121.33152770996094px;"&gt;Safety Summary:&lt;/th&gt; 
   &lt;td style="height: 11px; width: 686.4945678710938px;"&gt;&lt;a href="https://pubchem.ncbi.nlm.nih.gov/compound/77378#datasheet=lcss&amp;amp;section=Top"&gt;Laboratory Chemical Safety Summary (LCSS)&lt;/a&gt;&lt;/td&gt; 
  &lt;/tr&gt; 
  &lt;tr&gt; 
   &lt;th style="width: 121.33152770996094px;"&gt;&amp;nbsp;&lt;/th&gt; 
   &lt;td style="width: 686.4945678710938px;"&gt;&amp;nbsp;&lt;/td&gt; 
  &lt;/tr&gt; 
  &lt;tr&gt; 
   &lt;th style="width: 121.33152770996094px;"&gt;JPG image&lt;/th&gt; 
   &lt;td style="width: 686.4945678710938px;"&gt;&lt;img id="34537485-27819" class="imageDropped inlineImageThumbnail" src="Screen_Shot_2018-09-17_at_8.41.52_PM_1550001099181.jpg" alt="image Screen Shot 2018-09-17 at 8.41.52 PM.jpg" width="236" height="205" data-size="236-205 data-rotation=0"&gt;&lt;/td&gt; 
  &lt;/tr&gt; 
  &lt;tr&gt; 
   &lt;th style="width: 121.33152770996094px;"&gt;SDF file&lt;/th&gt; 
   &lt;td style="width: 686.4945678710938px;"&gt; &lt;p&gt;&lt;img id="5734400" class="chem" src="chemd5z_LE5ExCkYS5w.png" alt="chemistry structure image" width="300" height="300"&gt;&lt;/p&gt; &amp;nbsp;&lt;/td&gt; 
  &lt;/tr&gt; 
 &lt;/tbody&gt; 
&lt;/table&gt;</fieldData>
            <commentList/>
            <imageList>
                <image-Info id="27819" parentGalleryFolderId="6431">
                    <schemaVersion>1</schemaVersion>
                    <parentId>34537485</parentId>
                    <fileName>Screen_Shot_2018-09-17_at_8.41.52_PM_1550001099181.jpg</fileName>
                    <name>2,4,6-Trichloropyrimidine.jpg</name>
                    <linkFile>Screen_Shot_2018-09-17_at_8.41.52_PM_1550001099181.jpg</linkFile>
                    <contentType>image/jpeg</contentType>
                    <extension>jpg</extension>
                    <creationDate>2019-02-12T19:51:39Z</creationDate>
                    <modificationDate>2019-02-12T19:53:09.341Z</modificationDate>
                    <createdBy>dcopper</createdBy>
                </image-Info>
            </imageList>
            <audioList/>
            <videoList/>
            <chemdooleImageList>
                <chemdoodle-info id="5734400">
                    <schemaVersion>1</schemaVersion>
                    <parentId>34537485</parentId>
                    <fileName>chemd5z_LE5ExCkYS5w.png</fileName>
                    <name>chemd5z_LE5ExCkYS5w.png</name>
                    <linkFile>chemd5z_LE5ExCkYS5w.png</linkFile>
                    <contentType>image/png</contentType>
                    <extension>png</extension>
                    <annotation>&lt;cml xmlns="http://www.chemaxon.com" version="ChemAxon file format v18.11.0, generated by vunknown" xmlns:xsi="http://www.w3.org/2001/XMLSchema-instance" xsi:schemaLocation="http://www.chemaxon.com http://www.chemaxon.com/marvin/schema/mrvSchema_18_11_0.xsd"&gt;&lt;MDocument&gt;&lt;MChemicalStruct&gt;&lt;molecule molID="m1"&gt;&lt;atomArray&gt;&lt;atom id="a1" elementType="Cl" x2="-0.00007700084701767196" y2="2.310025410559035" lonePair="3"/&gt;&lt;atom id="a2" elementType="Cl" x2="-2.6673863415725174" y2="-2.310025410559035" lonePair="3"/&gt;&lt;atom id="a3" elementType="Cl" x2="2.6673863415725183" y2="-2.310025410559035" lonePair="3"/&gt;&lt;atom id="a4" elementType="N" x2="1.333731671209768" y2="0" lonePair="1"/&gt;&lt;atom id="a5" elementType="N" x2="-0.00007700084701767196" y2="-2.310025410559035" lonePair="1"/&gt;&lt;atom id="a6" elementType="C" x2="-1.333731671209768" y2="0"/&gt;&lt;atom id="a7" elementType="C" x2="-0.00007700084701767196" y2="0.770008470186345"/&gt;&lt;atom id="a8" elementType="C" x2="-1.333731671209768" y2="-1.54001694037269"/&gt;&lt;atom id="a9" elementType="C" x2="1.333731671209768" y2="-1.54001694037269"/&gt;&lt;atom id="a10" elementType="H" x2="-2.160566766495865" y2="0.47740525151553387"/&gt;&lt;/atomArray&gt;&lt;bondArray&gt;&lt;bond id="b1" atomRefs2="a1 a7" order="1"/&gt;&lt;bond id="b2" atomRefs2="a2 a8" order="1"/&gt;&lt;bond id="b3" atomRefs2="a3 a9" order="1"/&gt;&lt;bond id="b4" atomRefs2="a4 a7" order="2"/&gt;&lt;bond id="b5" atomRefs2="a4 a9" order="1"/&gt;&lt;bond id="b6" atomRefs2="a5 a8" order="1"/&gt;&lt;bond id="b7" atomRefs2="a5 a9" order="2"/&gt;&lt;bond id="b8" atomRefs2="a6 a7" order="1"/&gt;&lt;bond id="b9" atomRefs2="a6 a8" order="2"/&gt;&lt;bond id="b10" atomRefs2="a6 a10" order="1"/&gt;&lt;/bondArray&gt;&lt;/molecule&gt;&lt;/MChemicalStruct&gt;&lt;MElectronContainer occupation="0 0" radical="0" id="o1"&gt;&lt;MElectron atomRefs="m1.a1" difLoc="0.0 0.0 0.0"/&gt;&lt;MElectron atomRefs="m1.a1" difLoc="0.0 0.0 0.0"/&gt;&lt;/MElectronContainer&gt;&lt;MElectronContainer occupation="0 0" radical="0" id="o2"&gt;&lt;MElectron atomRefs="m1.a1" difLoc="0.0 0.0 0.0"/&gt;&lt;MElectron atomRefs="m1.a1" difLoc="0.0 0.0 0.0"/&gt;&lt;/MElectronContainer&gt;&lt;MElectronContainer occupation="0 0" radical="0" id="o3"&gt;&lt;MElectron atomRefs="m1.a1" difLoc="0.0 0.0 0.0"/&gt;&lt;MElectron atomRefs="m1.a1" difLoc="0.0 0.0 0.0"/&gt;&lt;/MElectronContainer&gt;&lt;MElectronContainer occupation="0 0" radical="0" id="o4"&gt;&lt;MElectron atomRefs="m1.a2" difLoc="0.0 0.0 0.0"/&gt;&lt;MElectron atomRefs="m1.a2" difLoc="0.0 0.0 0.0"/&gt;&lt;/MElectronContainer&gt;&lt;MElectronContainer occupation="0 0" radical="0" id="o5"&gt;&lt;MElectron atomRefs="m1.a2" difLoc="0.0 0.0 0.0"/&gt;&lt;MElectron atomRefs="m1.a2" difLoc="0.0 0.0 0.0"/&gt;&lt;/MElectronContainer&gt;&lt;MElectronContainer occupation="0 0" radical="0" id="o6"&gt;&lt;MElectron atomRefs="m1.a2" difLoc="0.0 0.0 0.0"/&gt;&lt;MElectron atomRefs="m1.a2" difLoc="0.0 0.0 0.0"/&gt;&lt;/MElectronContainer&gt;&lt;MElectronContainer occupation="0 0" radical="0" id="o7"&gt;&lt;MElectron atomRefs="m1.a3" difLoc="0.0 0.0 0.0"/&gt;&lt;MElectron atomRefs="m1.a3" difLoc="0.0 0.0 0.0"/&gt;&lt;/MElectronContainer&gt;&lt;MElectronContainer occupation="0 0" radical="0" id="o8"&gt;&lt;MElectron atomRefs="m1.a3" difLoc="0.0 0.0 0.0"/&gt;&lt;MElectron atomRefs="m1.a3" difLoc="0.0 0.0 0.0"/&gt;&lt;/MElectronContainer&gt;&lt;MElectronContainer occupation="0 0" radical="0" id="o9"&gt;&lt;MElectron atomRefs="m1.a3" difLoc="0.0 0.0 0.0"/&gt;&lt;MElectron atomRefs="m1.a3" difLoc="0.0 0.0 0.0"/&gt;&lt;/MElectronContainer&gt;&lt;MElectronContainer occupation="0 0" radical="0" id="o10"&gt;&lt;MElectron atomRefs="m1.a4" difLoc="0.0 0.0 0.0"/&gt;&lt;MElectron atomRefs="m1.a4" difLoc="0.0 0.0 0.0"/&gt;&lt;/MElectronContainer&gt;&lt;MElectronContainer occupation="0 0" radical="0" id="o11"&gt;&lt;MElectron atomRefs="m1.a5" difLoc="0.0 0.0 0.0"/&gt;&lt;MElectron atomRefs="m1.a5" difLoc="0.0 0.0 0.0"/&gt;&lt;/MElectronContainer&gt;&lt;/MDocument&gt;&lt;/cml&gt;</annotation>
                </chemdoodle-info>
            </chemdooleImageList>
            <mathList/>
            <ImageAnnotationList/>
            <attachList/>
            <linkRecordList/>
            <sketchImageList/>
            <nfsElementList/>
        </field>
        <field id="34537486">
            <fieldName>Usage log</fieldName>
            <fieldType>TEXT</fieldType>
            <lastModifiedDate>2019-02-12</lastModifiedDate>
            <fieldData>&lt;div class="rsCalcTableDiv mceNonEditable" data-tabledata="{&amp;quot;data&amp;quot;:[[&amp;quot;Original volume (ml):&amp;quot;,&amp;quot;100&amp;quot;,&amp;quot;&amp;quot;,&amp;quot;Date:&amp;quot;,&amp;quot;1/1/1961&amp;quot;,&amp;quot;staff:&amp;quot;,&amp;quot;James Watson&amp;quot;,null,null,null,null,null],[&amp;quot;&amp;quot;,&amp;quot;-3&amp;quot;,null,&amp;quot;Date:&amp;quot;,&amp;quot;1/1/1961&amp;quot;,&amp;quot;staff:&amp;quot;,&amp;quot;James Watson&amp;quot;,null,null,null,null,null],[null,&amp;quot;-5&amp;quot;,null,&amp;quot;Date:&amp;quot;,&amp;quot;1/3/1961&amp;quot;,&amp;quot;staff:&amp;quot;,&amp;quot;James Watson&amp;quot;,null,null,null,null,null],[null,&amp;quot;-2&amp;quot;,null,&amp;quot;Date:&amp;quot;,&amp;quot;2/10/1962&amp;quot;,&amp;quot;staff:&amp;quot;,&amp;quot;James Watson&amp;quot;,null,null,null,null,null],[null,&amp;quot;-2&amp;quot;,null,&amp;quot;Date:&amp;quot;,&amp;quot;3/4/1963&amp;quot;,&amp;quot;staff:&amp;quot;,&amp;quot;Rosalind Franklin&amp;quot;,null,null,null,null,null],[null,null,null,&amp;quot;Date:&amp;quot;,null,&amp;quot;staff:&amp;quot;,null,null,null,null,null,null],[null,null,null,&amp;quot;Date:&amp;quot;,null,&amp;quot;staff:&amp;quot;,null,null,null,null,null,null],[&amp;quot;Current Volume:&amp;quot;,&amp;quot;=B1+B2+B3+B4+B5&amp;quot;,null,null,null,null,null,null,null,null,null,null]],&amp;quot;settings&amp;quot;:&amp;quot;dummy&amp;quot;}"&gt; 
 &lt;table class="rsCalcTable"&gt; 
  &lt;thead&gt; 
   &lt;tr&gt; 
    &lt;th&gt;&amp;nbsp;&lt;/th&gt; 
    &lt;th scope="col"&gt;A&lt;/th&gt; 
    &lt;th scope="col"&gt;B&lt;/th&gt; 
    &lt;th scope="col"&gt;C&lt;/th&gt; 
    &lt;th scope="col"&gt;D&lt;/th&gt; 
    &lt;th scope="col"&gt;E&lt;/th&gt; 
    &lt;th scope="col"&gt;F&lt;/th&gt; 
    &lt;th scope="col"&gt;G&lt;/th&gt; 
    &lt;th scope="col"&gt;H&lt;/th&gt; 
    &lt;th scope="col"&gt;I&lt;/th&gt; 
    &lt;th scope="col"&gt;J&lt;/th&gt; 
    &lt;th scope="col"&gt;K&lt;/th&gt; 
    &lt;th scope="col"&gt;L&lt;/th&gt; 
   &lt;/tr&gt; 
  &lt;/thead&gt; 
  &lt;tbody&gt; 
   &lt;tr&gt; 
    &lt;th scope="row"&gt;1&lt;/th&gt; 
    &lt;td&gt;Original volume (ml):&lt;/td&gt; 
    &lt;td&gt;100&lt;/td&gt; 
    &lt;td&gt;&amp;nbsp;&lt;/td&gt; 
    &lt;td&gt;Date:&lt;/td&gt; 
    &lt;td&gt;1/1/1961&lt;/td&gt; 
    &lt;td&gt;staff:&lt;/td&gt; 
    &lt;td&gt;James Watson&lt;/td&gt; 
    &lt;td&gt;&amp;nbsp;&lt;/td&gt; 
    &lt;td&gt;&amp;nbsp;&lt;/td&gt; 
    &lt;td&gt;&amp;nbsp;&lt;/td&gt; 
    &lt;td&gt;&amp;nbsp;&lt;/td&gt; 
    &lt;td&gt;&amp;nbsp;&lt;/td&gt; 
   &lt;/tr&gt; 
   &lt;tr&gt; 
    &lt;th scope="row"&gt;2&lt;/th&gt; 
    &lt;td&gt;&amp;nbsp;&lt;/td&gt; 
    &lt;td&gt;-3&lt;/td&gt; 
    &lt;td&gt;&amp;nbsp;&lt;/td&gt; 
    &lt;td&gt;Date:&lt;/td&gt; 
    &lt;td&gt;1/1/1961&lt;/td&gt; 
    &lt;td&gt;staff:&lt;/td&gt; 
    &lt;td&gt;James Watson&lt;/td&gt; 
    &lt;td&gt;&amp;nbsp;&lt;/td&gt; 
    &lt;td&gt;&amp;nbsp;&lt;/td&gt; 
    &lt;td&gt;&amp;nbsp;&lt;/td&gt; 
    &lt;td&gt;&amp;nbsp;&lt;/td&gt; 
    &lt;td&gt;&amp;nbsp;&lt;/td&gt; 
   &lt;/tr&gt; 
   &lt;tr&gt; 
    &lt;th scope="row"&gt;3&lt;/th&gt; 
    &lt;td&gt;&amp;nbsp;&lt;/td&gt; 
    &lt;td&gt;-5&lt;/td&gt; 
    &lt;td&gt;&amp;nbsp;&lt;/td&gt; 
    &lt;td&gt;Date:&lt;/td&gt; 
    &lt;td&gt;1/3/1961&lt;/td&gt; 
    &lt;td&gt;staff:&lt;/td&gt; 
    &lt;td&gt;James Watson&lt;/td&gt; 
    &lt;td&gt;&amp;nbsp;&lt;/td&gt; 
    &lt;td&gt;&amp;nbsp;&lt;/td&gt; 
    &lt;td&gt;&amp;nbsp;&lt;/td&gt; 
    &lt;td&gt;&amp;nbsp;&lt;/td&gt; 
    &lt;td&gt;&amp;nbsp;&lt;/td&gt; 
   &lt;/tr&gt; 
   &lt;tr&gt; 
    &lt;th scope="row"&gt;4&lt;/th&gt; 
    &lt;td&gt;&amp;nbsp;&lt;/td&gt; 
    &lt;td&gt;-2&lt;/td&gt; 
    &lt;td&gt;&amp;nbsp;&lt;/td&gt; 
    &lt;td&gt;Date:&lt;/td&gt; 
    &lt;td&gt;2/10/1962&lt;/td&gt; 
    &lt;td&gt;staff:&lt;/td&gt; 
    &lt;td&gt;James Watson&lt;/td&gt; 
    &lt;td&gt;&amp;nbsp;&lt;/td&gt; 
    &lt;td&gt;&amp;nbsp;&lt;/td&gt; 
    &lt;td&gt;&amp;nbsp;&lt;/td&gt; 
    &lt;td&gt;&amp;nbsp;&lt;/td&gt; 
    &lt;td&gt;&amp;nbsp;&lt;/td&gt; 
   &lt;/tr&gt; 
   &lt;tr&gt; 
    &lt;th scope="row"&gt;5&lt;/th&gt; 
    &lt;td&gt;&amp;nbsp;&lt;/td&gt; 
    &lt;td&gt;-2&lt;/td&gt; 
    &lt;td&gt;&amp;nbsp;&lt;/td&gt; 
    &lt;td&gt;Date:&lt;/td&gt; 
    &lt;td&gt;3/4/1963&lt;/td&gt; 
    &lt;td&gt;staff:&lt;/td&gt; 
    &lt;td&gt;Rosalind Franklin&lt;/td&gt; 
    &lt;td&gt;&amp;nbsp;&lt;/td&gt; 
    &lt;td&gt;&amp;nbsp;&lt;/td&gt; 
    &lt;td&gt;&amp;nbsp;&lt;/td&gt; 
    &lt;td&gt;&amp;nbsp;&lt;/td&gt; 
    &lt;td&gt;&amp;nbsp;&lt;/td&gt; 
   &lt;/tr&gt; 
   &lt;tr&gt; 
    &lt;th scope="row"&gt;6&lt;/th&gt; 
    &lt;td&gt;&amp;nbsp;&lt;/td&gt; 
    &lt;td&gt;&amp;nbsp;&lt;/td&gt; 
    &lt;td&gt;&amp;nbsp;&lt;/td&gt; 
    &lt;td&gt;Date:&lt;/td&gt; 
    &lt;td&gt;&amp;nbsp;&lt;/td&gt; 
    &lt;td&gt;staff:&lt;/td&gt; 
    &lt;td&gt;&amp;nbsp;&lt;/td&gt; 
    &lt;td&gt;&amp;nbsp;&lt;/td&gt; 
    &lt;td&gt;&amp;nbsp;&lt;/td&gt; 
    &lt;td&gt;&amp;nbsp;&lt;/td&gt; 
    &lt;td&gt;&amp;nbsp;&lt;/td&gt; 
    &lt;td&gt;&amp;nbsp;&lt;/td&gt; 
   &lt;/tr&gt; 
   &lt;tr&gt; 
    &lt;th scope="row"&gt;7&lt;/th&gt; 
    &lt;td&gt;&amp;nbsp;&lt;/td&gt; 
    &lt;td&gt;&amp;nbsp;&lt;/td&gt; 
    &lt;td&gt;&amp;nbsp;&lt;/td&gt; 
    &lt;td&gt;Date:&lt;/td&gt; 
    &lt;td&gt;&amp;nbsp;&lt;/td&gt; 
    &lt;td&gt;staff:&lt;/td&gt; 
    &lt;td&gt;&amp;nbsp;&lt;/td&gt; 
    &lt;td&gt;&amp;nbsp;&lt;/td&gt; 
    &lt;td&gt;&amp;nbsp;&lt;/td&gt; 
    &lt;td&gt;&amp;nbsp;&lt;/td&gt; 
    &lt;td&gt;&amp;nbsp;&lt;/td&gt; 
    &lt;td&gt;&amp;nbsp;&lt;/td&gt; 
   &lt;/tr&gt; 
   &lt;tr&gt; 
    &lt;th scope="row"&gt;8&lt;/th&gt; 
    &lt;td&gt;Current Volume:&lt;/td&gt; 
    &lt;td&gt;88&lt;/td&gt; 
    &lt;td&gt;&amp;nbsp;&lt;/td&gt; 
    &lt;td&gt;&amp;nbsp;&lt;/td&gt; 
    &lt;td&gt;&amp;nbsp;&lt;/td&gt; 
    &lt;td&gt;&amp;nbsp;&lt;/td&gt; 
    &lt;td&gt;&amp;nbsp;&lt;/td&gt; 
    &lt;td&gt;&amp;nbsp;&lt;/td&gt; 
    &lt;td&gt;&amp;nbsp;&lt;/td&gt; 
    &lt;td&gt;&amp;nbsp;&lt;/td&gt; 
    &lt;td&gt;&amp;nbsp;&lt;/td&gt; 
    &lt;td&gt;&amp;nbsp;&lt;/td&gt; 
   &lt;/tr&gt; 
  &lt;/tbody&gt; 
 &lt;/table&gt; 
&lt;/div&gt;</fieldData>
            <commentList/>
            <imageList/>
            <audioList/>
            <videoList/>
            <chemdooleImageList/>
            <mathList/>
            <ImageAnnotationList/>
            <attachList/>
            <linkRecordList/>
            <sketchImageList/>
            <nfsElementList/>
        </field>
    </listFields>
</archivalDocument>
