<?xml version="1.0" encoding="UTF-8"?>
<archivalDocument docId="27820">
    <name>Ethane</name>
    <type>NORMAL</type>
    <createdBy>rduser1</createdBy>
    <tag>chemical</tag>
    <formType>NORMAL</formType>
    <creationDate>2019-02-12T19:51:44Z</creationDate>
    <lastModifiedDate>2019-02-12T19:51:45.120Z</lastModifiedDate>
    <recordVersion>5</recordVersion>
    <folderId>27816</folderId>
    <folderName>Chemistry data sheets</folderName>
    <folderType>FOLDER</folderType>
    <schemaVersion>1</schemaVersion>
    <listFields>
        <field id="34537487">
            <fieldName>Name</fieldName>
            <fieldType>STRING</fieldType>
            <lastModifiedDate>2019-02-12</lastModifiedDate>
            <fieldData>Ethane</fieldData>
            <commentList/>
            <imageList/>
            <audioList/>
            <videoList/>
            <chemdooleImageList/>
            <mathList/>
            <ImageAnnotationList/>
            <attachList/>
            <linkRecordList/>
            <sketchImageList/>
            <nfsElementList/>
        </field>
        <field id="34537488">
            <fieldName>Purchased</fieldName>
            <fieldType>DATE</fieldType>
            <lastModifiedDate>2019-02-12</lastModifiedDate>
            <fieldData>01/09/2018</fieldData>
            <commentList/>
            <imageList/>
            <audioList/>
            <videoList/>
            <chemdooleImageList/>
            <mathList/>
            <ImageAnnotationList/>
            <attachList/>
            <linkRecordList/>
            <sketchImageList/>
            <nfsElementList/>
        </field>
        <field id="34537489">
            <fieldName>Expires</fieldName>
            <fieldType>DATE</fieldType>
            <lastModifiedDate>2019-02-12</lastModifiedDate>
            <fieldData>01/04/2022</fieldData>
            <commentList/>
            <imageList/>
            <audioList/>
            <videoList/>
            <chemdooleImageList/>
            <mathList/>
            <ImageAnnotationList/>
            <attachList/>
            <linkRecordList/>
            <sketchImageList/>
            <nfsElementList/>
        </field>
        <field id="34537490">
            <fieldName>CAS Number</fieldName>
            <fieldType>STRING</fieldType>
            <lastModifiedDate>2019-02-12</lastModifiedDate>
            <fieldData>74-84-0</fieldData>
            <commentList/>
            <imageList/>
            <audioList/>
            <videoList/>
            <chemdooleImageList/>
            <mathList/>
            <ImageAnnotationList/>
            <attachList/>
            <linkRecordList/>
            <sketchImageList/>
            <nfsElementList/>
        </field>
        <field id="34537491">
            <fieldName>PubChem ID</fieldName>
            <fieldType>STRING</fieldType>
            <lastModifiedDate>2019-02-12</lastModifiedDate>
            <fieldData>6324</fieldData>
            <commentList/>
            <imageList/>
            <audioList/>
            <videoList/>
            <chemdooleImageList/>
            <mathList/>
            <ImageAnnotationList/>
            <attachList/>
            <linkRecordList/>
            <sketchImageList/>
            <nfsElementList/>
        </field>
        <field id="34537492">
            <fieldName>Formula</fieldName>
            <fieldType>STRING</fieldType>
            <lastModifiedDate>2019-02-12</lastModifiedDate>
            <fieldData>CH3CH3</fieldData>
            <commentList/>
            <imageList/>
            <audioList/>
            <videoList/>
            <chemdooleImageList/>
            <mathList/>
            <ImageAnnotationList/>
            <attachList/>
            <linkRecordList/>
            <sketchImageList/>
            <nfsElementList/>
        </field>
        <field id="34537493">
            <fieldName>Molecular Weight</fieldName>
            <fieldType>NUMBER</fieldType>
            <lastModifiedDate>2019-02-12</lastModifiedDate>
            <fieldData>30.07</fieldData>
            <commentList/>
            <imageList/>
            <audioList/>
            <videoList/>
            <chemdooleImageList/>
            <mathList/>
            <ImageAnnotationList/>
            <attachList/>
            <linkRecordList/>
            <sketchImageList/>
            <nfsElementList/>
        </field>
        <field id="34537494">
            <fieldName>Last Inventory check</fieldName>
            <fieldType>DATE</fieldType>
            <lastModifiedDate>2019-02-12</lastModifiedDate>
            <fieldData>06/11/2018</fieldData>
            <commentList/>
            <imageList/>
            <audioList/>
            <videoList/>
            <chemdooleImageList/>
            <mathList/>
            <ImageAnnotationList/>
            <attachList/>
            <linkRecordList/>
            <sketchImageList/>
            <nfsElementList/>
        </field>
        <field id="34537495">
            <fieldName>Container on shelf image</fieldName>
            <fieldType>TEXT</fieldType>
            <lastModifiedDate>2019-02-12</lastModifiedDate>
            <fieldData>&lt;p&gt;&amp;nbsp;&lt;/p&gt; 
&lt;p&gt;Photo of container showing location at last inventory&lt;/p&gt; 
&lt;p&gt;&lt;img id="34537495-27821" class="imageDropped inlineImageThumbnail" src="57e9d328b7aa50eefada736394e3b4f8_1550001104357.jpg" alt="image 57e9d328b7aa50eefada736394e3b4f8.jpg" width="644" height="421" data-size="644-421 data-rotation=0"&gt;&lt;/p&gt; 
&lt;p&gt;&amp;nbsp;&lt;/p&gt; 
&lt;p&gt;&amp;nbsp;&lt;/p&gt;</fieldData>
            <commentList/>
            <imageList>
                <image-Info id="27821" parentGalleryFolderId="6431">
                    <schemaVersion>1</schemaVersion>
                    <parentId>34537495</parentId>
                    <fileName>57e9d328b7aa50eefada736394e3b4f8_1550001104357.jpg</fileName>
                    <name>storage.jpg</name>
                    <linkFile>57e9d328b7aa50eefada736394e3b4f8_1550001104357.jpg</linkFile>
                    <contentType>image/jpeg</contentType>
                    <extension>jpg</extension>
                    <creationDate>2019-02-12T19:51:44Z</creationDate>
                    <modificationDate>2019-02-12T19:53:29.986Z</modificationDate>
                    <createdBy>dcopper</createdBy>
                </image-Info>
            </imageList>
            <audioList/>
            <videoList/>
            <chemdooleImageList/>
            <mathList/>
            <ImageAnnotationList/>
            <attachList/>
            <linkRecordList/>
            <sketchImageList/>
            <nfsElementList/>
        </field>
        <field id="34537496">
            <fieldName>Chemical details table</fieldName>
            <fieldType>TEXT</fieldType>
            <lastModifiedDate>2019-02-12</lastModifiedDate>
            <fieldData>&lt;table class="top-summary-items" style="height: 77px; width: 807px;"&gt; 
 &lt;tbody&gt; 
  &lt;tr style="height: 11px;"&gt; 
   &lt;th style="height: 11px; width: 121px;"&gt;PubChem CID:&lt;/th&gt; 
   &lt;td style="height: 11px; width: 686px;"&gt; 
    &lt;table class="top-summary-items"&gt; 
     &lt;tbody&gt; 
      &lt;tr&gt; 
       &lt;td&gt;6324&lt;/td&gt; 
      &lt;/tr&gt; 
     &lt;/tbody&gt; 
    &lt;/table&gt; &lt;/td&gt; 
  &lt;/tr&gt; 
  &lt;tr style="height: 11px;"&gt; 
   &lt;th style="height: 11px; width: 121px;"&gt;Chemical Names:&lt;/th&gt; 
   &lt;td class="breakword" style="height: 11px; width: 686px;"&gt;2ETHANE; Bimethyl; Dimethyl; Methylmethane; 74-84-0; Ethyl hydride&amp;nbsp;&amp;nbsp;&amp;nbsp;&lt;a class="section-toc-link link-btn important-btn" href="https://pubchem.ncbi.nlm.nih.gov/compound/6324#section=Synonyms" data-section="Synonyms"&gt;More...&lt;/a&gt;&lt;/td&gt; 
  &lt;/tr&gt; 
  &lt;tr style="height: 22px;"&gt; 
   &lt;th style="height: 22px; width: 121px;"&gt;Molecular Formula:&lt;/th&gt; 
   &lt;td style="width: 686px;"&gt;&lt;a title="Find all compounds with formula C2H6" href="https://pubchem.ncbi.nlm.nih.gov/search/#query=C2H6"&gt;C&lt;sub&gt;2&lt;/sub&gt;H&lt;sub&gt;6&lt;/sub&gt;&lt;/a&gt;&lt;/td&gt; 
  &lt;/tr&gt; 
  &lt;tr style="height: 11px;"&gt; 
   &lt;th style="height: 11px; width: 121px;"&gt;Molecular Weight:&lt;/th&gt; 
   &lt;td style="height: 11px; width: 686px;"&gt;30.07&lt;/td&gt; 
  &lt;/tr&gt; 
  &lt;tr style="height: 11px;"&gt; 
   &lt;th style="height: 11px; width: 121px;"&gt;InChI Key:&lt;/th&gt; 
   &lt;td style="height: 11px; width: 686px;"&gt;OTMSDBZUPAUEDD-UHFFFAOYSA-N&lt;/td&gt; 
  &lt;/tr&gt; 
  &lt;tr style="height: 11px;"&gt; 
   &lt;th style="height: 11px; width: 121px;"&gt;Safety Summary:&lt;/th&gt; 
   &lt;td style="height: 11px; width: 686px;"&gt;&lt;a href="https://pubchem.ncbi.nlm.nih.gov/compound/6324#datasheet=lcss&amp;amp;section=Top"&gt;Laboratory Chemical Safety Summary (LCSS)&lt;/a&gt;&lt;/td&gt; 
  &lt;/tr&gt; 
  &lt;tr&gt; 
   &lt;th style="width: 121px;"&gt;&amp;nbsp;&lt;/th&gt; 
   &lt;td style="width: 686px;"&gt;&amp;nbsp;&lt;/td&gt; 
  &lt;/tr&gt; 
  &lt;tr&gt; 
   &lt;th style="width: 121px;"&gt;JPG image&lt;/th&gt; 
   &lt;td style="width: 686px;"&gt; &lt;p&gt;&lt;img id="34537496-27822" class="imageDropped inlineImageThumbnail" src="Screen_Shot_2019-02-05_at_8.38.36_PM_1550001104735.jpg" alt="image Screen Shot 2019-02-05 at 8.38.36 PM.jpg" width="277" height="277" data-size="644-644 data-rotation=0"&gt;&lt;/p&gt; &amp;nbsp;&lt;/td&gt; 
  &lt;/tr&gt; 
  &lt;tr&gt; 
   &lt;th style="width: 121px;"&gt;SDF file&lt;/th&gt; 
   &lt;td style="width: 686px;"&gt; &lt;p&gt;&amp;nbsp;&lt;/p&gt; &lt;p&gt;&lt;img id="5734401" class="chem" src="chemdQbdLYUdjbY29-A.png" alt="chemistry structure image" width="120" height="120"&gt;&lt;/p&gt; &lt;p&gt;&amp;nbsp;&lt;/p&gt; &amp;nbsp;&amp;nbsp;&lt;/td&gt; 
  &lt;/tr&gt; 
 &lt;/tbody&gt; 
&lt;/table&gt;</fieldData>
            <commentList/>
            <imageList>
                <image-Info id="27822" parentGalleryFolderId="6431">
                    <schemaVersion>1</schemaVersion>
                    <parentId>34537496</parentId>
                    <fileName>Screen_Shot_2019-02-05_at_8.38.36_PM_1550001104735.jpg</fileName>
                    <name>ethane.jpg</name>
                    <linkFile>Screen_Shot_2019-02-05_at_8.38.36_PM_1550001104735.jpg</linkFile>
                    <contentType>image/jpeg</contentType>
                    <extension>jpg</extension>
                    <creationDate>2019-02-12T19:51:45Z</creationDate>
                    <modificationDate>2019-02-12T19:52:44.550Z</modificationDate>
                    <createdBy>dcopper</createdBy>
                </image-Info>
            </imageList>
            <audioList/>
            <videoList/>
            <chemdooleImageList>
                <chemdoodle-info id="5734401">
                    <schemaVersion>1</schemaVersion>
                    <parentId>34537496</parentId>
                    <fileName>chemdQbdLYUdjbY29-A.png</fileName>
                    <name>chemdQbdLYUdjbY29-A.png</name>
                    <linkFile>chemdQbdLYUdjbY29-A.png</linkFile>
                    <contentType>image/png</contentType>
                    <extension>png</extension>
                    <annotation>&lt;cml xmlns="http://www.chemaxon.com" version="ChemAxon file format v18.11.0, generated by vunknown" xmlns:xsi="http://www.w3.org/2001/XMLSchema-instance" xsi:schemaLocation="http://www.chemaxon.com http://www.chemaxon.com/marvin/schema/mrvSchema_18_11_0.xsd"&gt;&lt;MDocument&gt;&lt;MChemicalStruct&gt;&lt;molecule molID="m1"&gt;&lt;atomArray&gt;&lt;atom id="a1" elementType="C" x3="-0.7518585528984146" y3="0" z3="-0.07902351823034602"/&gt;&lt;atom id="a2" elementType="C" x3="0.7518585528984146" y3="0" z3="0.07902351823034602"/&gt;&lt;atom id="a3" elementType="H" x3="-1.2370665987841842" y3="0.28257614191045166" z3="0.859955419888458"/&gt;&lt;atom id="a4" elementType="H" x3="-1.0571173451156417" y3="0.7113569573454399" z3="-0.8521473627794052"/&gt;&lt;atom id="a5" elementType="H" x3="-1.1083738167236477" y3="-0.9939330992558915" z3="-0.3654312884866757"/&gt;&lt;atom id="a6" elementType="H" x3="1.0571173451156417" y3="-0.7113569573454399" z3="0.8521473627794052"/&gt;&lt;atom id="a7" elementType="H" x3="1.1083738167236477" y3="0.9939330992558915" z3="0.3654312884866757"/&gt;&lt;atom id="a8" elementType="H" x3="1.2370665987841842" y3="-0.28257614191045166" z3="-0.859955419888458"/&gt;&lt;/atomArray&gt;&lt;bondArray&gt;&lt;bond id="b1" atomRefs2="a1 a2" order="1"/&gt;&lt;bond id="b2" atomRefs2="a1 a3" order="1"/&gt;&lt;bond id="b3" atomRefs2="a1 a4" order="1"/&gt;&lt;bond id="b4" atomRefs2="a1 a5" order="1"/&gt;&lt;bond id="b5" atomRefs2="a2 a6" order="1"/&gt;&lt;bond id="b6" atomRefs2="a2 a7" order="1"/&gt;&lt;bond id="b7" atomRefs2="a2 a8" order="1"/&gt;&lt;/bondArray&gt;&lt;/molecule&gt;&lt;/MChemicalStruct&gt;&lt;/MDocument&gt;&lt;/cml&gt;</annotation>
                </chemdoodle-info>
            </chemdooleImageList>
            <mathList/>
            <ImageAnnotationList/>
            <attachList/>
            <linkRecordList/>
            <sketchImageList/>
            <nfsElementList/>
        </field>
        <field id="34537497">
            <fieldName>Usage log</fieldName>
            <fieldType>TEXT</fieldType>
            <lastModifiedDate>2019-02-12</lastModifiedDate>
            <fieldData>&lt;table class="rsCalcTable"&gt; 
 &lt;thead&gt; 
  &lt;tr&gt; 
   &lt;th&gt;&amp;nbsp;&lt;/th&gt; 
   &lt;th scope="col"&gt;A&lt;/th&gt; 
   &lt;th scope="col"&gt;B&lt;/th&gt; 
   &lt;th scope="col"&gt;C&lt;/th&gt; 
   &lt;th scope="col"&gt;D&lt;/th&gt; 
   &lt;th scope="col"&gt;E&lt;/th&gt; 
   &lt;th scope="col"&gt;F&lt;/th&gt; 
   &lt;th scope="col"&gt;G&lt;/th&gt; 
   &lt;th scope="col"&gt;H&lt;/th&gt; 
   &lt;th scope="col"&gt;I&lt;/th&gt; 
   &lt;th scope="col"&gt;J&lt;/th&gt; 
   &lt;th scope="col"&gt;K&lt;/th&gt; 
   &lt;th scope="col"&gt;L&lt;/th&gt; 
  &lt;/tr&gt; 
 &lt;/thead&gt; 
 &lt;tbody&gt; 
  &lt;tr&gt; 
   &lt;th scope="row"&gt;1&lt;/th&gt; 
   &lt;td&gt;Original volume (ml):&lt;/td&gt; 
   &lt;td&gt;100&lt;/td&gt; 
   &lt;td&gt;&amp;nbsp;&lt;/td&gt; 
   &lt;td&gt;Date:&lt;/td&gt; 
   &lt;td&gt;1/1/1961&lt;/td&gt; 
   &lt;td&gt;staff:&lt;/td&gt; 
   &lt;td&gt;James Watson&lt;/td&gt; 
   &lt;td&gt;&amp;nbsp;&lt;/td&gt; 
   &lt;td&gt;&amp;nbsp;&lt;/td&gt; 
   &lt;td&gt;&amp;nbsp;&lt;/td&gt; 
   &lt;td&gt;&amp;nbsp;&lt;/td&gt; 
   &lt;td&gt;&amp;nbsp;&lt;/td&gt; 
  &lt;/tr&gt; 
  &lt;tr&gt; 
   &lt;th scope="row"&gt;2&lt;/th&gt; 
   &lt;td&gt;&amp;nbsp;&lt;/td&gt; 
   &lt;td&gt;-3&lt;/td&gt; 
   &lt;td&gt;&amp;nbsp;&lt;/td&gt; 
   &lt;td&gt;Date:&lt;/td&gt; 
   &lt;td&gt;1/1/1961&lt;/td&gt; 
   &lt;td&gt;staff:&lt;/td&gt; 
   &lt;td&gt;James Watson&lt;/td&gt; 
   &lt;td&gt;&amp;nbsp;&lt;/td&gt; 
   &lt;td&gt;&amp;nbsp;&lt;/td&gt; 
   &lt;td&gt;&amp;nbsp;&lt;/td&gt; 
   &lt;td&gt;&amp;nbsp;&lt;/td&gt; 
   &lt;td&gt;&amp;nbsp;&lt;/td&gt; 
  &lt;/tr&gt; 
  &lt;tr&gt; 
   &lt;th scope="row"&gt;3&lt;/th&gt; 
   &lt;td&gt;&amp;nbsp;&lt;/td&gt; 
   &lt;td&gt;-5&lt;/td&gt; 
   &lt;td&gt;&amp;nbsp;&lt;/td&gt; 
   &lt;td&gt;Date:&lt;/td&gt; 
   &lt;td&gt;1/3/1961&lt;/td&gt; 
   &lt;td&gt;staff:&lt;/td&gt; 
   &lt;td&gt;James Watson&lt;/td&gt; 
   &lt;td&gt;&amp;nbsp;&lt;/td&gt; 
   &lt;td&gt;&amp;nbsp;&lt;/td&gt; 
   &lt;td&gt;&amp;nbsp;&lt;/td&gt; 
   &lt;td&gt;&amp;nbsp;&lt;/td&gt; 
   &lt;td&gt;&amp;nbsp;&lt;/td&gt; 
  &lt;/tr&gt; 
  &lt;tr&gt; 
   &lt;th scope="row"&gt;4&lt;/th&gt; 
   &lt;td&gt;&amp;nbsp;&lt;/td&gt; 
   &lt;td&gt;-2&lt;/td&gt; 
   &lt;td&gt;&amp;nbsp;&lt;/td&gt; 
   &lt;td&gt;Date:&lt;/td&gt; 
   &lt;td&gt;2/10/1962&lt;/td&gt; 
   &lt;td&gt;staff:&lt;/td&gt; 
   &lt;td&gt;James Watson&lt;/td&gt; 
   &lt;td&gt;&amp;nbsp;&lt;/td&gt; 
   &lt;td&gt;&amp;nbsp;&lt;/td&gt; 
   &lt;td&gt;&amp;nbsp;&lt;/td&gt; 
   &lt;td&gt;&amp;nbsp;&lt;/td&gt; 
   &lt;td&gt;&amp;nbsp;&lt;/td&gt; 
  &lt;/tr&gt; 
  &lt;tr&gt; 
   &lt;th scope="row"&gt;5&lt;/th&gt; 
   &lt;td&gt;&amp;nbsp;&lt;/td&gt; 
   &lt;td&gt;-2&lt;/td&gt; 
   &lt;td&gt;&amp;nbsp;&lt;/td&gt; 
   &lt;td&gt;Date:&lt;/td&gt; 
   &lt;td&gt;3/4/1963&lt;/td&gt; 
   &lt;td&gt;staff:&lt;/td&gt; 
   &lt;td&gt;Rosalind Franklin&lt;/td&gt; 
   &lt;td&gt;&amp;nbsp;&lt;/td&gt; 
   &lt;td&gt;&amp;nbsp;&lt;/td&gt; 
   &lt;td&gt;&amp;nbsp;&lt;/td&gt; 
   &lt;td&gt;&amp;nbsp;&lt;/td&gt; 
   &lt;td&gt;&amp;nbsp;&lt;/td&gt; 
  &lt;/tr&gt; 
  &lt;tr&gt; 
   &lt;th scope="row"&gt;6&lt;/th&gt; 
   &lt;td&gt;&amp;nbsp;&lt;/td&gt; 
   &lt;td&gt;&amp;nbsp;&lt;/td&gt; 
   &lt;td&gt;&amp;nbsp;&lt;/td&gt; 
   &lt;td&gt;Date:&lt;/td&gt; 
   &lt;td&gt;&amp;nbsp;&lt;/td&gt; 
   &lt;td&gt;staff:&lt;/td&gt; 
   &lt;td&gt;&amp;nbsp;&lt;/td&gt; 
   &lt;td&gt;&amp;nbsp;&lt;/td&gt; 
   &lt;td&gt;&amp;nbsp;&lt;/td&gt; 
   &lt;td&gt;&amp;nbsp;&lt;/td&gt; 
   &lt;td&gt;&amp;nbsp;&lt;/td&gt; 
   &lt;td&gt;&amp;nbsp;&lt;/td&gt; 
  &lt;/tr&gt; 
  &lt;tr&gt; 
   &lt;th scope="row"&gt;7&lt;/th&gt; 
   &lt;td&gt;&amp;nbsp;&lt;/td&gt; 
   &lt;td&gt;&amp;nbsp;&lt;/td&gt; 
   &lt;td&gt;&amp;nbsp;&lt;/td&gt; 
   &lt;td&gt;Date:&lt;/td&gt; 
   &lt;td&gt;&amp;nbsp;&lt;/td&gt; 
   &lt;td&gt;staff:&lt;/td&gt; 
   &lt;td&gt;&amp;nbsp;&lt;/td&gt; 
   &lt;td&gt;&amp;nbsp;&lt;/td&gt; 
   &lt;td&gt;&amp;nbsp;&lt;/td&gt; 
   &lt;td&gt;&amp;nbsp;&lt;/td&gt; 
   &lt;td&gt;&amp;nbsp;&lt;/td&gt; 
   &lt;td&gt;&amp;nbsp;&lt;/td&gt; 
  &lt;/tr&gt; 
  &lt;tr&gt; 
   &lt;th scope="row"&gt;8&lt;/th&gt; 
   &lt;td&gt;Current Volume:&lt;/td&gt; 
   &lt;td&gt;88&lt;/td&gt; 
   &lt;td&gt;&amp;nbsp;&lt;/td&gt; 
   &lt;td&gt;&amp;nbsp;&lt;/td&gt; 
   &lt;td&gt;&amp;nbsp;&lt;/td&gt; 
   &lt;td&gt;&amp;nbsp;&lt;/td&gt; 
   &lt;td&gt;&amp;nbsp;&lt;/td&gt; 
   &lt;td&gt;&amp;nbsp;&lt;/td&gt; 
   &lt;td&gt;&amp;nbsp;&lt;/td&gt; 
   &lt;td&gt;&amp;nbsp;&lt;/td&gt; 
   &lt;td&gt;&amp;nbsp;&lt;/td&gt; 
   &lt;td&gt;&amp;nbsp;&lt;/td&gt; 
  &lt;/tr&gt; 
 &lt;/tbody&gt; 
&lt;/table&gt;</fieldData>
            <commentList/>
            <imageList/>
            <audioList/>
            <videoList/>
            <chemdooleImageList/>
            <mathList/>
            <ImageAnnotationList/>
            <attachList/>
            <linkRecordList/>
            <sketchImageList/>
            <nfsElementList/>
        </field>
    </listFields>
</archivalDocument>
