<?xml version="1.0" encoding="UTF-8"?>
<exportRecordList>
    <listFolders>
        <folderTree id="27816" parentId="6424" name="Chemistry data sheets" media="false" type="FOLDER">
            <owner>
                <email>ra22597@gmail.com</email>
                <fullName>David Copperfield</fullName>
                <uniqueName>dcopper</uniqueName>
            </owner>
            <modificationDate>2019-02-12T19:51:37.090Z</modificationDate>
            <creationDate>2019-02-12T19:51:37Z</creationDate>
        </folderTree>
    </listFolders>
    <schemaVersion>1</schemaVersion>
</exportRecordList>
