-- RSDEV-416: pre-1.98.1 run / no-context seed (roles, permissions, system properties, app configs,
-- Organisation reference list, sysadmin/system users, etc.), extracted as end-state from a 1.98.1 build.
-- Loaded once on a fresh DB by initial-seed-changeLog.xml (guarded by a 'roles empty' precondition).
SET FOREIGN_KEY_CHECKS=0;
INSERT INTO `App` (`id`, `defaultEnabled`, `label`, `name`) VALUES (1,b'1','Slack','app.slack'),(2,b'1','Dataverse','app.dataverse'),(4,b'0','Github','app.github'),(5,b'1','ORCID','app.orcid'),(6,b'0','Figshare','app.figshare'),(7,b'0','Egnyte','app.egnyte'),(8,b'0','Microsoft Teams','app.msteams'),(9,b'1','RSpace onboarding','app.onboarding'),(11,b'1','Protocols.io','app.protocols_io'),(12,b'0','OwnCloud','app.owncloud'),(13,b'1','Evernote','app.evernote'),(14,b'0','PyRAT','app.pyrat'),(15,b'0','DMPtool','app.dmptool'),(16,b'0','Clustermarket','app.clustermarket'),(17,b'0','Jove','app.jove'),(18,b'0','nextcloud','app.nextcloud'),(19,b'0','Dryad','app.dryad'),(20,b'0','Argos','app.argos'),(21,b'0','Zenodo','app.zenodo'),(22,b'0','Omero','app.omero'),(23,b'0','DMPonline','app.dmponline');
INSERT INTO `AppConfigElementDescriptor` (`id`, `descriptor_id`, `app_id`) VALUES (1,15,1),(2,16,1),(3,17,1),(4,18,1),(5,20,2),(6,21,2),(7,22,2),(11,28,4),(12,29,4),(13,31,5),(15,37,7),(16,39,8),(17,40,8),(18,41,1),(19,42,1),(20,43,1),(21,44,1),(27,53,11),(28,71,21);
INSERT INTO `ArchiveVersionToAppVersion` (`id`, `toMajor`, `toMinor`, `toQualifier`, `toSuffix`, `schemaName`, `schemaVersion`, `fromMajor`, `fromMinor`, `fromQualifier`, `fromSuffix`) VALUES (1,2,NULL,NULL,NULL,'link',1,0,19,NULL,NULL),(2,2,NULL,NULL,NULL,'doc',1,0,19,NULL,NULL),(3,2,NULL,NULL,NULL,'form',1,0,19,NULL,NULL),(4,2,NULL,NULL,NULL,'users',1,0,19,NULL,NULL),(5,2,NULL,NULL,NULL,'gallery',1,0,19,NULL,NULL),(6,2,NULL,NULL,NULL,'recordList',1,0,19,NULL,NULL);
INSERT INTO `BATCH_JOB_EXECUTION_SEQ` (`ID`, `UNIQUE_KEY`) VALUES (0,'0');
INSERT INTO `BATCH_JOB_SEQ` (`ID`, `UNIQUE_KEY`) VALUES (0,'0');
INSERT INTO `BATCH_STEP_EXECUTION_SEQ` (`ID`, `UNIQUE_KEY`) VALUES (0,'0');
INSERT INTO `Community` (`id`, `creationDate`, `displayName`, `uniqueName`, `profileText`) VALUES (-1,NOW(),'All Groups','rs.default.allGroups',NULL);
INSERT INTO `OAuthApp` (`id`, `name`, `clientId`, `clientSecret`, `user_id`) VALUES (-11,'rsInventoryWebClient','rsInventoryWebClient','2550de8b20f61d683a15d2681fff5f3685d479c0f667a35f43f8df03f42b0946',-12);
INSERT INTO `Organisation` (`id`, `approved`, `title`) VALUES (1,b'1','Aalborg University'),(2,b'1','Aalto University'),(3,b'1','Aarhus University'),(4,b'1','Abant Izzet Baysal University'),(5,b'1','Abdelmalek Essaadi University'),(6,b'1','Aberystwyth University'),(7,b'1','Abilene Christian University'),(8,b'1','Abo Akademi University'),(9,b'1','Academic Center for Dentistry Amsterdam'),(10,b'1','Academy of Art College'),(11,b'1','Acadia University'),(12,b'1','Acibadem University'),(13,b'1','Adam Mickiewicz University'),(14,b'1','Adams State College'),(15,b'1','Addis Ababa University'),(16,b'1','Adelphi University'),(17,b'1','Adiyaman University'),(18,b'1','Adler School of Professional Psychology'),(19,b'1','Adnan Menderes University'),(20,b'1','Adrian College'),(21,b'1','Afyon Kocatepe University'),(22,b'1','Aga Khan University'),(23,b'1','AGH University of Science & Technology'),(24,b'1','Agnes Scott College'),(25,b'1','Agricultural University Krakow'),(26,b'1','Agricultural University Lublin'),(27,b'1','Agricultural University of Athens'),(28,b'1','Ahi Evran University'),(29,b'1','Ahmadu Bello University'),(30,b'1','Aichi Gakuin University'),(31,b'1','Aichi Medical University'),(32,b'1','Ain Shams University'),(33,b'1','Air Force Institute of Technology'),(34,b'1','Ajou University'),(35,b'1','Akdeniz University'),(36,b'1','Akita Prefectural University'),(37,b'1','Akita University'),(38,b'1','Aksaray University'),(39,b'1','Alabama Agricultural and Mechanical University'),(40,b'1','Alabama State University'),(41,b'1','Alagappa University'),(42,b'1','Alaska Bible College'),(43,b'1','Alaska Pacific University'),(44,b'1','Al Azhar University'),(45,b'1','Al-Balqa Applied University'),(46,b'1','Albany College of Pharmacy'),(47,b'1','Albany Law School'),(48,b'1','Albany Medical Center'),(49,b'1','Albany State University'),(50,b'1','Albertus Magnus College'),(51,b'1','Albion College'),(52,b'1','Albright College'),(53,b'1','Alcorn State University'),(54,b'1','Alderson Broaddus College'),(55,b'1','Alexandria University'),(56,b'1','Alexandru Ioan Cuza University'),(57,b'1','Alfaisal University'),(58,b'1','Al-Farabi Kazakh National University'),(59,b'1','Alfred Adler Graduate School'),(60,b'1','Alfred University'),(61,b'1','Alice Lloyd College'),(62,b'1','Aligarh Muslim University'),(63,b'1','Allegheny College'),(64,b'1','Allen University'),(65,b'1','Alma College'),(66,b'1','Alvernia College'),(67,b'1','Alverno College'),(68,b'1','Ambassador University'),(69,b'1','Amber University'),(70,b'1','American Academy of Nutrition'),(71,b'1','American Business & Technology University'),(72,b'1','American Conservatory of Music'),(73,b'1','American Conservatory Theater'),(74,b'1','American-European School of Management'),(75,b'1','American Film Institute Center for Advanced Film and Television Studies'),(76,b'1','American Graduate School of International Management'),(77,b'1','American Indian College of the Assemblies of God'),(78,b'1','American InterContinental University - Atlanta'),(79,b'1','American InterContinental University - Ft. Lauderdale'),(80,b'1','American InterContinental University - Georgia'),(81,b'1','American InterContinental University Online'),(82,b'1','American International College'),(83,b'1','American Jewish University'),(84,b'1','American Military University'),(85,b'1','American Public University'),(86,b'1','American University'),(87,b'1','American University Cairo'),(88,b'1','American University of Beirut'),(89,b'1','American University Sharjah'),(90,b'1','American World University'),(91,b'1','Amherst College'),(92,b'1','Amirkabir University of Technology'),(93,b'1','Amity University'),(94,b'1','Anadolu University'),(95,b'1','Anderson College'),(96,b'1','Anderson University'),(97,b'1','Andhra University'),(98,b'1','Andon College - Modesto'),(99,b'1','Andon College - Stockton'),(100,b'1','Andong National University'),(101,b'1','Andrew Jackson University'),(102,b'1','Andrews University'),(103,b'1','Angelo State University'),(104,b'1','Anglia Ruskin University'),(105,b'1','Anhui Agricultural University'),(106,b'1','Anhui Medical University'),(107,b'1','Anhui Normal University'),(108,b'1','Anhui University'),(109,b'1','Anhui University of Technology'),(110,b'1','Ankara University'),(111,b'1','Annamalai University'),(112,b'1','Anna Maria College'),(113,b'1','Anna University'),(114,b'1','Anna University Chennai'),(115,b'1','Antioch New England Graduate School'),(116,b'1','Antioch University'),(117,b'1','Antioch University Los Angeles'),(118,b'1','Antioch University Santa Barbara'),(119,b'1','Antioch University Seattle'),(120,b'1','Aoyama Gakuin University'),(121,b'1','Appalachian Bible College'),(122,b'1','Appalachian State University'),(123,b'1','Aquinas College'),(124,b'1','Arcadia University'),(125,b'1','Argosy University'),(126,b'1','Argosy University - Hawaii'),(127,b'1','Arid Agriculture University'),(128,b'1','Aristotle University of Thessaloniki'),(129,b'1','Arizona State University'),(130,b'1','Arizona State University Polytechnic Campus'),(131,b'1','Arizona State University West Campus'),(132,b'1','Arkansas State University'),(133,b'1','Arkansas State University Beebe'),(134,b'1','Arkansas State University Mountain Home'),(135,b'1','Arkansas State University Newport'),(136,b'1','Arkansas Tech University'),(137,b'1','Arlington Baptist College'),(138,b'1','Armstrong Atlantic State University'),(139,b'1','Armstrong University'),(140,b'1','Art Academy of Cincinnati'),(141,b'1','Art Center College of Design'),(142,b'1','Arthur D. Little Management Education Institute'),(143,b'1','Art Institute of Charlotte'),(144,b'1','Art Institute of Southern California'),(145,b'1','Asahikawa Medical College'),(146,b'1','Asbury College'),(147,b'1','Ashland University'),(148,b'1','Asian Institute of Technology'),(149,b'1','Asia University Taiwan'),(150,b'1','Assiut University'),(151,b'1','Assumption College'),(152,b'1','Aston University'),(153,b'1','Ataturk University'),(154,b'1','Athabasca University'),(155,b'1','Athenaeum of Ohio'),(156,b'1','Athens State College'),(157,b'1','Athens University of Economics & Business'),(158,b'1','Atilim University'),(159,b'1','Atlanta Christian College'),(160,b'1','Atlanta College of Art'),(161,b'1','Atlantic International University'),(162,b'1','Atlantic Union College'),(163,b'1','Atlantic University'),(164,b'1','Auburn University'),(165,b'1','Auburn University at Montgomery'),(166,b'1','Auckland University of Technology'),(167,b'1','Audrey Cohen College'),(168,b'1','Augsburg College'),(169,b'1','Augustana College'),(170,b'1','Augusta State University'),(171,b'1','Aurora University'),(172,b'1','Austin College'),(173,b'1','Austin Community College'),(174,b'1','Austin Peay State University'),(175,b'1','Australian Catholic University'),(176,b'1','Australian National University'),(177,b'1','Autonomous University of Baja California'),(178,b'1','Autonomous University of Barcelona'),(179,b'1','Autonomous University of Madrid'),(180,b'1','Autonomous University of Nuevo Leon'),(181,b'1','Autonomous University of Queretaro'),(182,b'1','Autonomous University of San Luis Potosi'),(183,b'1','Autonomous University of Sinaloa'),(184,b'1','Autonomous University of the State of Hidalgo'),(185,b'1','Autonomous University of the State of Mexico'),(186,b'1','Autonomous University of the State of Morelos'),(187,b'1','Autonomous University of Yucatan'),(188,b'1','Ave Maria University'),(189,b'1','Averett College'),(190,b'1','Avila College'),(191,b'1','Azabu University'),(192,b'1','Azusa Pacific University'),(193,b'1','Babson College'),(194,b'1','Bahauddin Zakariya University'),(195,b'1','Bahcesehir University'),(196,b'1','Baker College of Auburn Hills'),(197,b'1','Baker College of Cadillac'),(198,b'1','Baker College of Flint'),(199,b'1','Baker College of Mount Clemens'),(200,b'1','Baker College of Muskegon'),(201,b'1','Baker College of Owosso'),(202,b'1','Baker College of Port Huron'),(203,b'1','Baker University'),(204,b'1','Baku State University'),(205,b'1','Baldwin-Wallace College'),(206,b'1','Balikesir University'),(207,b'1','Ball State University'),(208,b'1','Baltimore Hebrew University'),(209,b'1','Baltimore International College'),(210,b'1','Banaras Hindu University'),(211,b'1','Bangalore University'),(212,b'1','Bangor University'),(213,b'1','Bank Street College of Education'),(214,b'1','Baptist Bible College of Missouri'),(215,b'1','Baptist Bible College of Pennsylvania'),(216,b'1','Barat College'),(217,b'1','Barber-Scotia College'),(218,b'1','Barclay College'),(219,b'1','Bard College'),(220,b'1','Bard Graduate Center for Studies in the Decorative Arts'),(221,b'1','Bar Ilan University'),(222,b'1','Barnard College - Columbia University'),(223,b'1','Barry University'),(224,b'1','Bartlesville Wesleyan College'),(225,b'1','Barton College'),(226,b'1','Baruch College (CUNY)'),(227,b'1','Baskent University'),(228,b'1','Bastyr University'),(229,b'1','Bates College'),(230,b'1','Bauder College'),(231,b'1','Baylor College of Dentistry'),(232,b'1','Baylor College of Medicine'),(233,b'1','Baylor University'),(234,b'1','Beihang University'),(235,b'1','Beijing Forestry University'),(236,b'1','Beijing Institute of Technology'),(237,b'1','Beijing Jiaotong University'),(238,b'1','Beijing Normal University'),(239,b'1','Beijing University of Chemical Technology'),(240,b'1','Beijing University of Chinese Medicine'),(241,b'1','Beijing University of Technology'),(242,b'1','Beijing University Posts & Telecommunications'),(243,b'1','Belarusian State University'),(244,b'1','Belhaven College'),(245,b'1','Bellarmine College'),(246,b'1','Bellevue University'),(247,b'1','Bellin College of Nursing'),(248,b'1','Belmont Abbey College'),(249,b'1','Belmont University'),(250,b'1','Beloit College'),(251,b'1','Bemidji State Univeristy'),(252,b'1','Benedict College'),(253,b'1','Benedictine College'),(254,b'1','Benedictine University'),(255,b'1','Benedictine University Springfield College in Illinois'),(256,b'1','Benemerita Universidad Autonoma de Puebla'),(257,b'1','Bengal Engineering Science University'),(258,b'1','Ben Gurion University'),(259,b'1','Bennett College'),(260,b'1','Bennington College'),(261,b'1','Bentley College'),(262,b'1','Berea College'),(263,b'1','Berean University of the Assemblies of God'),(264,b'1','Berklee College of Music'),(265,b'1','Berne University'),(266,b'1','Berry College'),(267,b'1','Bethany College California'),(268,b'1','Bethany College Kansas'),(269,b'1','Bethany College West Virginia'),(270,b'1','Bethel College McKenzie'),(271,b'1','Bethel College Mishawaka'),(272,b'1','Bethel College Newton'),(273,b'1','Beth-El College of Nursing and Health Sciences'),(274,b'1','Bethel College St. Paul'),(275,b'1','Bethune-Cookman College'),(276,b'1','Bharathiar University'),(277,b'1','Bharathidasan University'),(278,b'1','Bilkent University'),(279,b'1','Biola University'),(280,b'1','Birkbeck University London'),(281,b'1','Birla Institute of Technology & Science'),(282,b'1','Birmingham City University'),(283,b'1','Birmingham-Southern College'),(284,b'1','Blackburn College'),(285,b'1','Black Hawk College'),(286,b'1','Black Hills State University'),(287,b'1','Blaise Pascal University'),(288,b'1','Blessing-Rieman College of Nursing'),(289,b'1','Bloomfield College'),(290,b'1','Bloomsburg University of Pennsylvania'),(291,b'1','Bluefield College'),(292,b'1','Bluefield State College'),(293,b'1','Blue Mountain College'),(294,b'1','Bluffton College'),(295,b'1','Bob Jones University'),(296,b'1','Bocconi University'),(297,b'1','Bogazici University'),(298,b'1','Bogor Agricultural University'),(299,b'1','Bohai University'),(300,b'1','Boise Bible College'),(301,b'1','Boise State University'),(302,b'1','Bond University'),(303,b'1','Boricua College'),(304,b'1','Boston Architectural Center'),(305,b'1','Boston College'),(306,b'1','Boston University'),(307,b'1','Bournemouth University'),(308,b'1','Bowdoin College'),(309,b'1','Bowie State University'),(310,b'1','Bowling Green State University'),(311,b'1','Bowling Green State University Firelands'),(312,b'1','Bozok University'),(313,b'1','Bradley University'),(314,b'1','Brandeis University'),(315,b'1','Brandman University'),(316,b'1','Braunschweig University of Technology'),(317,b'1','Brenau University'),(318,b'1','Brescia University'),(319,b'1','Brevard College'),(320,b'1','Brewton-Parker College'),(321,b'1','Breyer State University (Virtual University)'),(322,b'1','Briar Cliff College'),(323,b'1','Bridgewater College'),(324,b'1','Bridgewater State College'),(325,b'1','Brigham Young University'),(326,b'1','Brigham Young University Hawaii'),(327,b'1','Brno University of Technology'),(328,b'1','Brock University'),(329,b'1','Brooklyn College (CUNY)'),(330,b'1','Brooklyn Law School'),(331,b'1','Brooks Institute of Photography'),(332,b'1','Brown University'),(333,b'1','Brunel University'),(334,b'1','Brunswick Community College'),(335,b'1','Bryan College'),(336,b'1','Bryant and Stratton College'),(337,b'1','Bryant University'),(338,b'1','Bryn Athyn College of the New Church'),(339,b'1','Bryn Mawr College'),(340,b'1','Bucharest Academy of Economic Studies'),(341,b'1','Bucknell University'),(342,b'1','Budapest University of Technology & Economics'),(343,b'1','Buena Vista University'),(344,b'1','Buffalo State College'),(345,b'1','Bulent Ecevit University'),(346,b'1','Burlington College'),(347,b'1','Butler University'),(348,b'1','Cabrini College'),(349,b'1','Cairo University'),(350,b'1','Caldwell College'),(351,b'1','California Baptist College'),(352,b'1','California Coast University'),(353,b'1','California College for Health Sciences'),(354,b'1','California College of Arts and Crafts'),(355,b'1','California College of Podiatric Medicine'),(356,b'1','California College San Diego'),(357,b'1','California Institute of Integral Studies'),(358,b'1','California Institute of Technology'),(359,b'1','California Institute of the Arts'),(360,b'1','California Lutheran University'),(361,b'1','California Maritime Academy'),(362,b'1','California Polytechnic State University - San Luis Obispo'),(363,b'1','California Polytechnic State University San Luis Obispo'),(364,b'1','California School of Professional Psychology - Berkley/Alameda'),(365,b'1','California School of Professional Psychology - Fresno'),(366,b'1','California School of Professional Psychology - Los Angels'),(367,b'1','California School of Professional Psychology - San Diego'),(368,b'1','California State Polytechnic University Pomona'),(369,b'1','California State Polytechnic University - Pomona'),(370,b'1','California State University Bakersfield'),(371,b'1','California State University Channel Islands'),(372,b'1','California State University Chico'),(373,b'1','California State University Dominguez Hills'),(374,b'1','California State University Fresno'),(375,b'1','California State University Fullerton'),(376,b'1','California State University Hayward'),(377,b'1','California State University Long Beach'),(378,b'1','California State University Los Angeles'),(379,b'1','California State University Monterey Bay'),(380,b'1','California State University Northridge'),(381,b'1','California State University Sacramento'),(382,b'1','California State University San Bernardino'),(383,b'1','California State University San Marcos'),(384,b'1','California State University Stanislaus'),(385,b'1','California University of Management and Sciences'),(386,b'1','California University of Pennsylvania'),(387,b'1','California Western School of Law'),(388,b'1','Calumet College of St. Joseph'),(389,b'1','Calvary Bible College'),(390,b'1','Calvin College'),(391,b'1','Cambridge College'),(392,b'1','Cameron University'),(393,b'1','Campbellsville College'),(394,b'1','Campbell University'),(395,b'1','Canakkale Onsekiz Mart University'),(396,b'1','Canisius College'),(397,b'1','Cankaya University'),(398,b'1','Can Tho University'),(399,b'1','Capella University'),(400,b'1','Cape Peninsula University of Technology'),(401,b'1','Capital Medical University'),(402,b'1','Capital Normal University'),(403,b'1','Capital University'),(404,b'1','Capital University Law School'),(405,b'1','Capitol College'),(406,b'1','Cardiff University'),(407,b'1','Cardinal Stritch University'),(408,b'1','Carleton College'),(409,b'1','Carleton University'),(410,b'1','Carlos Albizu University'),(411,b'1','Carlow College'),(412,b'1','Carnegie Mellon University'),(413,b'1','Carol Davila University of Medicine & Pharmacy'),(414,b'1','Carroll College Helena'),(415,b'1','Carroll College Waukesha'),(416,b'1','Carson-Newman College'),(417,b'1','Carthage College'),(418,b'1','Case Western Reserve University'),(419,b'1','Castleton State College'),(420,b'1','Catawba College'),(421,b'1','Catholic Theological Union'),(422,b'1','Catholic University of America'),(423,b'1','Catholic University of Korea'),(424,b'1','Catholic University of the Sacred Heart'),(425,b'1','Cedar Crest College'),(426,b'1','Cedarville College'),(427,b'1','Celal Bayar University'),(428,b'1','Centenary College'),(429,b'1','Centenary College of Louisiana'),(430,b'1','Center for Humanistic Studies'),(431,b'1','Central Baptist College'),(432,b'1','Central Bible College'),(433,b'1','Central China Normal University'),(434,b'1','Central Christian College of the Bible'),(435,b'1','Central College'),(436,b'1','Central Connecticut State University'),(437,b'1','Central European University'),(438,b'1','Central Methodist College'),(439,b'1','Central Michigan University'),(440,b'1','Central Queensland University'),(441,b'1','Central South University'),(442,b'1','Central State University'),(443,b'1','Central University Finance & Economics'),(444,b'1','Central Washington University'),(445,b'1','Centre College'),(446,b'1','Chadron State College'),(447,b'1','Chalmers University of Technology'),(448,b'1','Chaminade University of Honolulu'),(449,b'1','Champlain College'),(450,b'1','Changan University'),(451,b'1','Changchun University of Technology'),(452,b'1','Changchun University Science & Technology'),(453,b'1','Chang Gung University'),(454,b'1','Chang Jung Christian University'),(455,b'1','Changwon National University'),(456,b'1','Chapman University'),(457,b'1','Charite Medical University of Berlin'),(458,b'1','Charles Darwin University'),(459,b'1','Charles R. Drew University of Medicine and Science'),(460,b'1','Charles Sturt University'),(461,b'1','Charleston Southern University'),(462,b'1','Charles University Prague'),(463,b'1','Charter Oak State College'),(464,b'1','Chatham College'),(465,b'1','Chengdu University of Technology'),(466,b'1','Chestnut Hill College'),(467,b'1','Cheyney University of Pennsylvania'),(468,b'1','Chiang Mai University'),(469,b'1','Chiba Institute of Technology'),(470,b'1','Chiba University'),(471,b'1','Chicago State University'),(472,b'1','China Agricultural University'),(473,b'1','China Jiliang University'),(474,b'1','China Medical University'),(475,b'1','China Medical University Taiwan'),(476,b'1','China Pharmaceutical University'),(477,b'1','China Three Gorges University'),(478,b'1','China University of Geosciences'),(479,b'1','China University of Mining & Technology'),(480,b'1','China University of Petroleum'),(481,b'1','Chinese Academy of Engineering Physics'),(482,b'1','Chinese Culture University'),(483,b'1','Chinese University of Hong Kong'),(484,b'1','Chonbuk National University'),(485,b'1','Chongqing Medical University'),(486,b'1','Chongqing University'),(487,b'1','Chongqing University Posts & Telecommunications'),(488,b'1','Chonnam National University'),(489,b'1','Chosun University'),(490,b'1','Chowan College'),(491,b'1','Christendom College'),(492,b'1','Christian Brothers University'),(493,b'1','Christian Heritage College'),(494,b'1','Christian Medical College & Hospital (CMCH) Vellore'),(495,b'1','Christopher Newport University'),(496,b'1','Chubu University'),(497,b'1','Chulalongkorn University'),(498,b'1','Chung Ang University'),(499,b'1','Chungbuk National University'),(500,b'1','Chung Hua University'),(501,b'1','Chungnam National University'),(502,b'1','Chung Shan Medical University'),(503,b'1','Chung Yuan Christian University'),(504,b'1','Chuo University'),(505,b'1','Circleville Bible College'),(506,b'1','City College of New York (CUNY)'),(507,b'1','City University'),(508,b'1','City University London'),(509,b'1','City University of Hong Kong'),(510,b'1','City University of New York Bernard M. Baruch College'),(511,b'1','City University of New York Brooklyn College'),(512,b'1','City University of New York City College'),(513,b'1','City University of New York College of Staten Island'),(514,b'1','City University of New York (CUNY) System'),(515,b'1','City University of New York Graduate School and University Center'),(516,b'1','City University of New York Hunter College'),(517,b'1','City University of New York John Jay College of Criminal Justice'),(518,b'1','City University of New York Lehman College'),(519,b'1','City University of New York Medgar Evers College'),(520,b'1','City University of New York Medical School / Sophie Davis School of Biomedical Education'),(521,b'1','City University of New York New York City Technical College'),(522,b'1','City University of New York Queens College'),(523,b'1','City University of New York School of Law at Queens College'),(524,b'1','City University of New York York College'),(525,b'1','Civil Aviation University of China'),(526,b'1','Claflin College'),(527,b'1','Claremont Graduate School'),(528,b'1','Claremont Graduate University'),(529,b'1','Claremont Lincoln University'),(530,b'1','Claremont McKenna College'),(531,b'1','Clarion University'),(532,b'1','Clark Atlanta University'),(533,b'1','Clarke College'),(534,b'1','Clarkson College'),(535,b'1','Clarkson University'),(536,b'1','Clark University'),(537,b'1','Clayton College & State University'),(538,b'1','Clearwater Christian College'),(539,b'1','Cleary College'),(540,b'1','Clemson University'),(541,b'1','Cleveland Chiropractic College Kansas City'),(542,b'1','Cleveland Chiropractic College Los Angeles'),(543,b'1','Cleveland Institute of Art'),(544,b'1','Cleveland Institute of Music'),(545,b'1','Cleveland State University'),(546,b'1','Coastal Carolina University'),(547,b'1','Cochin University Science & Technology'),(548,b'1','Coe College'),(549,b'1','Cogswell Polytechnical College'),(550,b'1','Coker College'),(551,b'1','Colby College'),(552,b'1','Colby-Sawyer College'),(553,b'1','Coleman College'),(554,b'1','Colgate University'),(555,b'1','CollegeAmerica Denver'),(556,b'1','CollegeAmerica Phoenix'),(557,b'1','College for Creative Studies'),(558,b'1','College for Financial Planning'),(559,b'1','College for Lifelong Learning'),(560,b'1','College Misericordia'),(561,b'1','College of Aeronautics'),(562,b'1','College of Charleston'),(563,b'1','College of DuPage'),(564,b'1','College of Idaho'),(565,b'1','College of Mount St. Joseph'),(566,b'1','College of Mount St. Vincent'),(567,b'1','College of New Jersey'),(568,b'1','College of New Rochelle'),(569,b'1','College of Notre Dame'),(570,b'1','College of Notre Dame of Maryland'),(571,b'1','College of Osteopathic Medicine of the Pacific (Western University of Health Sciences)'),(572,b'1','College of Staten Island (CUNY)'),(573,b'1','College of St. Benedict and St. John\'s University'),(574,b'1','College of St. Catherine'),(575,b'1','College of St. Elizabeth'),(576,b'1','College of St. Joseph'),(577,b'1','College of St. Mary'),(578,b'1','College of St. Rose'),(579,b'1','College of St. Scholastica'),(580,b'1','College of the Atlantic'),(581,b'1','College of the Holy Cross'),(582,b'1','College of the Ozarks'),(583,b'1','College of Visual Arts'),(584,b'1','College of William and Mary'),(585,b'1','College William & Mary'),(586,b'1','Colorado Christian University'),(587,b'1','Colorado College'),(588,b'1','Colorado School of Mines'),(589,b'1','Colorado State University'),(590,b'1','Colorado State University-Pueblo'),(591,b'1','Colorado Technical University'),(592,b'1','Columbia College Chicago'),(593,b'1','Columbia College Hollywood'),(594,b'1','Columbia College of Missouri'),(595,b'1','Columbia College South Carolina'),(596,b'1','Columbia Commonwealth University'),(597,b'1','Columbia International University'),(598,b'1','Columbia Southern University'),(599,b'1','Columbia Union College'),(600,b'1','Columbia University'),(601,b'1','Columbia University Teachers College'),(602,b'1','Columbus College of Art and Design'),(603,b'1','Columbus State University'),(604,b'1','Columbus University'),(605,b'1','Comenius University Bratislava'),(606,b'1','Community College of Denver'),(607,b'1','Complutense University of Madrid'),(608,b'1','COMSATS Institute of Information Technology (CIIT)'),(609,b'1','Concord College'),(610,b'1','Concordia College Ann Arbor'),(611,b'1','Concordia College Bronxville'),(612,b'1','Concordia College Moorhead'),(613,b'1','Concordia College Selma'),(614,b'1','Concordia College Seward'),(615,b'1','Concordia College St. Paul'),(616,b'1','Concordia University Austin'),(617,b'1','Concordia University - Canada'),(618,b'1','Concordia University Irvine'),(619,b'1','Concordia University Mequon'),(620,b'1','Concordia University Portland'),(621,b'1','Concordia University River Forest'),(622,b'1','Connecticut College'),(623,b'1','Constantine Philosopher University Nitra'),(624,b'1','Converse College'),(625,b'1','Conway School of Landscape Design'),(626,b'1','Copenhagen Business School'),(627,b'1','Coppin State College'),(628,b'1','Cornell College'),(629,b'1','Cornell University'),(630,b'1','Cornish College of the Arts'),(631,b'1','Corvinus University Budapest'),(632,b'1','Cosmopolitan University'),(633,b'1','Covenant College'),(634,b'1','Coventry University'),(635,b'1','Cracow University of Technology'),(636,b'1','Cranbrook Academy of Art'),(637,b'1','Cranfield University'),(638,b'1','Creighton University'),(639,b'1','Crichton College'),(640,b'1','Crown College'),(641,b'1','Cukurova University'),(642,b'1','Culver-Stockton College'),(643,b'1','Cumberland College'),(644,b'1','Cumberland University'),(645,b'1','Cumhuriyet University'),(646,b'1','Curry College'),(647,b'1','Curtin University of Technology'),(648,b'1','Czech Technical University Prague'),(649,b'1','Czech University of Life Sciences Prague'),(650,b'1','Daegu University'),(651,b'1','Daemen College'),(652,b'1','Dakota State University'),(653,b'1','Dakota Wesleyan University'),(654,b'1','Dalarna University'),(655,b'1','Dalhousie University'),(656,b'1','Dalian Jiaotong University'),(657,b'1','Dalian Maritime University'),(658,b'1','Dalian Medical University'),(659,b'1','Dalian University'),(660,b'1','Dalian University of Technology'),(661,b'1','Dallas Baptist University'),(662,b'1','Dallas Christian College'),(663,b'1','Dana College'),(664,b'1','Daniel Webster College'),(665,b'1','Dankook University'),(666,b'1','Danville Area Community College'),(667,b'1','Darmstadt University of Technology'),(668,b'1','Dartmouth College'),(669,b'1','Darton College'),(670,b'1','Davenport College of Business Grand Rapids'),(671,b'1','Davenport College of Business Kalamazoo'),(672,b'1','Davenport College of Business Lansing'),(673,b'1','Davidson College'),(674,b'1','Davis and Elkins College'),(675,b'1','Da Yeh University'),(676,b'1','Deaconess College of Nursing'),(677,b'1','Deakin University'),(678,b'1','De La Salle University'),(679,b'1','Delaware State University'),(680,b'1','Delaware Valley College'),(681,b'1','Delft University of Technology'),(682,b'1','Delta International University'),(683,b'1','Delta State University'),(684,b'1','Democritus University of Thrace'),(685,b'1','De Montfort University'),(686,b'1','Denison University'),(687,b'1','Denver Paralegal Institute'),(688,b'1','Denver Technical College'),(689,b'1','DePaul University'),(690,b'1','DePauw University'),(691,b'1','DeSales University'),(692,b'1','Design Institute of San Diego'),(693,b'1','Detroit College of Business'),(694,b'1','Detroit College of Business - Flint'),(695,b'1','Detroit College of Business - Warren'),(696,b'1','Detroit College of Law'),(697,b'1','Devi Ahilya University'),(698,b'1','DeVry Institute of Technology Chicago'),(699,b'1','DeVry Institute of Technology Columbus'),(700,b'1','DeVry Institute of Technology Decatur'),(701,b'1','DeVry Institute of Technology DuPage'),(702,b'1','DeVry Institute of Technology Irving'),(703,b'1','DeVry Institute of Technology Kansas City'),(704,b'1','DeVry Institute of Technology Phoenix'),(705,b'1','DeVry Institute of Technology Pomona'),(706,b'1','Dickinson College'),(707,b'1','Dickinson State University'),(708,b'1','Dicle University'),(709,b'1','Dillard University'),(710,b'1','Divine Word College'),(711,b'1','Dixie College'),(712,b'1','Doane College'),(713,b'1','Dogu Akdeniz University'),(714,b'1','Dogus University'),(715,b'1','Dokkyo University'),(716,b'1','Dokuz Eylul University'),(717,b'1','Dominican College'),(718,b'1','Dominican College of San Rafael'),(719,b'1','Dominican School of Philosophy and Theology'),(720,b'1','Dominican University'),(721,b'1','Dominion College'),(722,b'1','Dong A University'),(723,b'1','Dong Eui University'),(724,b'1','Dongguk University'),(725,b'1','Donghua University'),(726,b'1','Dordt College'),(727,b'1','Dortmund University of Technology'),(728,b'1','Doshisha University'),(729,b'1','Dowling College'),(730,b'1','Dow University of Health Sciences'),(731,b'1','Drake University'),(732,b'1','Dr. Babasaheb Ambedkar Marathwada University (BAMU)'),(733,b'1','Drew University'),(734,b'1','Drexel University'),(735,b'1','Drury College'),(736,b'1','Dublin City University'),(737,b'1','Dublin Institute of Technology'),(738,b'1','Duke University'),(739,b'1','Duluth Business University'),(740,b'1','Dumlupinar University'),(741,b'1','Dunarea De Jos University Galati'),(742,b'1','Duquesne University'),(743,b'1','Durban University of Technology'),(744,b'1','Durham University'),(745,b'1','Duzce University'),(746,b'1','D\'Youville College'),(747,b'1','Earlham College'),(748,b'1','EarthNet Institute'),(749,b'1','East Carolina University'),(750,b'1','East Central University'),(751,b'1','East China Institute of Technology'),(752,b'1','East China Normal University'),(753,b'1','East China University of Science & Technology'),(754,b'1','Eastern College'),(755,b'1','Eastern Connecticut State University'),(756,b'1','Eastern Conservatory of Music'),(757,b'1','Eastern Illinois University'),(758,b'1','Eastern Kentucky University'),(759,b'1','Eastern Mennonite University'),(760,b'1','Eastern Michigan University'),(761,b'1','Eastern Nazarene College'),(762,b'1','Eastern New Mexico University'),(763,b'1','Eastern Oregon University'),(764,b'1','Eastern Virginia Medical School'),(765,b'1','Eastern Washington University'),(766,b'1','East Stroudsburg State University'),(767,b'1','East Tennessee State University'),(768,b'1','East Texas Baptist University'),(769,b'1','East-West University'),(770,b'1','Eberhard Karls University of Tubingen'),(771,b'1','Eckerd College'),(772,b'1','Ecole de Technologie Superieure - Canada'),(773,b'1','Ecole Nationale des Ponts et Chaussees'),(774,b'1','Ecole Normale Superieure (ENS) Lyon'),(775,b'1','Ecole Normale Superieure (ENS) Paris'),(776,b'1','Ecole Polytechnique'),(777,b'1','Edgewood College'),(778,b'1','Edinboro University of Pennsylvania'),(779,b'1','Edison Community College'),(780,b'1','Edith Cowan University'),(781,b'1','Edward Waters College'),(782,b'1','Ege University'),(783,b'1','Ehime University'),(784,b'1','Eindhoven University of Technology'),(785,b'1','Elizabeth City State University'),(786,b'1','Elizabethtown College'),(787,b'1','Elmhurst College'),(788,b'1','Elmira College'),(789,b'1','Elms College'),(790,b'1','Elon College'),(791,b'1','Embry-Riddle Aeronautical University'),(792,b'1','Embry Riddle Aeronautical University Prescott'),(793,b'1','Emerson College'),(794,b'1','Emmanuel College'),(795,b'1','Emmanuel College Georgia'),(796,b'1','Emmaus Bible College'),(797,b'1','Emory & Henry College'),(798,b'1','Emory University'),(799,b'1','Emporia State University'),(800,b'1','Eotvos Lorand University'),(801,b'1','Erasmus University Rotterdam'),(802,b'1','Erciyes University'),(803,b'1','Ernst Moritz Arndt Universitat Greifswald'),(804,b'1','Erskine College'),(805,b'1','Erzincan University'),(806,b'1','Eskisehir Osmangazi University'),(807,b'1','Eugene Bible College'),(808,b'1','Eureka College'),(809,b'1','European University Institute'),(810,b'1','Evangel University'),(811,b'1','Evergreen State College'),(812,b'1','Ewha Womans University'),(813,b'1','Excel College'),(814,b'1','Excelsior College'),(815,b'1','Fairfield University'),(816,b'1','Fairleigh Dickinson University Florham-Madison Campus'),(817,b'1','Fairleigh Dickinson University Teaneck-Hackensack Campus'),(818,b'1','Fairmont State College'),(819,b'1','Far Eastern Federal University'),(820,b'1','Fashion Institute of New York'),(821,b'1','Fatih University'),(822,b'1','Faulkner University'),(823,b'1','Fayetteville State University'),(824,b'1','Federation University Australia'),(825,b'1','Felician College'),(826,b'1','Feng Chia University'),(827,b'1','Ferdowsi University Mashhad'),(828,b'1','Ferris State University'),(829,b'1','Ferrum College'),(830,b'1','Fielding Institute'),(831,b'1','Finch University of Health Sciences - The Chicago Medical School'),(832,b'1','Finlandia University'),(833,b'1','Firat University'),(834,b'1','Fisher College'),(835,b'1','Fisk University'),(836,b'1','Fitchburg State College'),(837,b'1','Flagler College'),(838,b'1','Flinders University South Australia'),(839,b'1','Florida Agricultural and Mechanical University'),(840,b'1','Florida A&M University'),(841,b'1','Florida Atlantic University'),(842,b'1','Florida Christian College'),(843,b'1','Florida Community College at Jacksonville'),(844,b'1','Florida Gulf Coast University'),(845,b'1','Florida Institute of Technology'),(846,b'1','Florida International University'),(847,b'1','Florida Memorial College'),(848,b'1','Florida Metropolitan University Fort Lauderdale College'),(849,b'1','Florida Metropolitan University Tampa College'),(850,b'1','Florida Metropolitan University Tampa College Brandon'),(851,b'1','Florida Metropolitan University Tampa College Lakeland'),(852,b'1','Florida Southern College'),(853,b'1','Florida State University'),(854,b'1','Florida University of Medicine'),(855,b'1','Fontbonne College'),(856,b'1','Foothill-De Anza Community College District'),(857,b'1','Fordham University'),(858,b'1','Forest Institute of Professional Psychology'),(859,b'1','Fort Hays State University'),(860,b'1','Fort Lewis College'),(861,b'1','Fort Valley State College'),(862,b'1','Fourth Military Medical University'),(863,b'1','Framingham State College'),(864,b'1','Franciscan School of Theology'),(865,b'1','Franciscan University of Steubenville'),(866,b'1','Francis Marion University'),(867,b'1','Franklin and Marshall College'),(868,b'1','Franklin College'),(869,b'1','Franklin Pierce College'),(870,b'1','Franklin Pierce Law Center'),(871,b'1','Franklin University'),(872,b'1','Franklin W. Olin College of Engineering'),(873,b'1','Frank Lloyd Wright School of Architecture'),(874,b'1','Fred Hutchinson Cancer Research Center'),(875,b'1','Freed-Hardeman University'),(876,b'1','Free University of Berlin'),(877,b'1','Free University (Virginia Theological University)'),(878,b'1','Free Will Baptist Bible College'),(879,b'1','Fresno City College'),(880,b'1','Fresno Pacific University'),(881,b'1','Friedrich Schiller University of Jena'),(882,b'1','Friends University'),(883,b'1','Frostburg State University'),(884,b'1','Fudan University'),(885,b'1','Fu Jen Catholic University'),(886,b'1','Fujian Medical University'),(887,b'1','Fujian Normal University'),(888,b'1','Fujita Health University'),(889,b'1','Fukuoka University'),(890,b'1','Fukushima Medical University'),(891,b'1','Full Sail University'),(892,b'1','Furman University'),(893,b'1','Fuzhou University'),(894,b'1','Gadjah Mada University'),(895,b'1','Gakushuin University'),(896,b'1','Gallaudet University'),(897,b'1','Gannon University'),(898,b'1','Gardner Webb University'),(899,b'1','Gaziantep University'),(900,b'1','Gaziosmanpasa University'),(901,b'1','Gazi University'),(902,b'1','G dAnnunzio University of Chieti-Pescara'),(903,b'1','Gdansk University of Technology'),(904,b'1','Gebze Yuksek Teknoloji Enstitusu'),(905,b'1','Gemological Institute of America'),(906,b'1','Geneva College'),(907,b'1','George Fox University'),(908,b'1','George Mason University'),(909,b'1','Georgetown College'),(910,b'1','Georgetown University'),(911,b'1','George Washington University'),(912,b'1','George Wythe College'),(913,b'1','Georgia Baptist College of Nursing'),(914,b'1','Georgia College & State University'),(915,b'1','Georgia Health Sciences University'),(916,b'1','Georgia Institute of Technology'),(917,b'1','Georgian Court College'),(918,b'1','Georgia Regents University'),(919,b'1','Georgia School of Professional Psychology'),(920,b'1','Georgia Southern University'),(921,b'1','Georgia Southwestern University'),(922,b'1','Georgia State University'),(923,b'1','Gettysburg College'),(924,b'1','GH Asachi Technical University'),(925,b'1','Ghent University'),(926,b'1','Gifu Pharmaceutical University'),(927,b'1','Gifu University'),(928,b'1','Glasgow Caledonian University'),(929,b'1','Glendale University College of Law'),(930,b'1','Glenville State College'),(931,b'1','Glyndwr University'),(932,b'1','Goddard College'),(933,b'1','God\'s Bible School and College'),(934,b'1','Goethe University Frankfurt'),(935,b'1','Golden Gate University'),(936,b'1','Goldey-Beacom College'),(937,b'1','Goldsmiths University London'),(938,b'1','Gonzaga University'),(939,b'1','Gordon College'),(940,b'1','Gordon Conwell Theological Seminary'),(941,b'1','Goshen College'),(942,b'1','Goucher College'),(943,b'1','Government College University Faisalabad'),(944,b'1','Government College University Lahore'),(945,b'1','Governors State University'),(946,b'1','Govind Ballabh Pant University of Agriculture & Technology'),(947,b'1','Grace Bible College'),(948,b'1','Grace College'),(949,b'1','Graceland College'),(950,b'1','Grace University'),(951,b'1','Graduate Theological Union'),(952,b'1','Graduate University for Advanced Studies - Japan'),(953,b'1','Grambling State University'),(954,b'1','Grand Canyon University'),(955,b'1','Grand Valley State University'),(956,b'1','Grand View College'),(957,b'1','Grantham University'),(958,b'1','Gratz College'),(959,b'1','Graz University of Technology'),(960,b'1','Great Lakes Christian College'),(961,b'1','Green Mountain College'),(962,b'1','Greensboro College'),(963,b'1','Greenville College'),(964,b'1','Griffith University'),(965,b'1','Grigore T Popa University of Medicine & Pharmacy'),(966,b'1','Grinnell College'),(967,b'1','Grove City College'),(968,b'1','Guangdong University of Technology'),(969,b'1','Guangxi Medical University'),(970,b'1','Guangxi Normal University'),(971,b'1','Guangxi University'),(972,b'1','Guangzhou Medical University'),(973,b'1','Guangzhou University'),(974,b'1','Guilford College'),(975,b'1','Guizhou University'),(976,b'1','Gulhane Askeri Tip Akademisi (GATA)'),(977,b'1','Gumushane University'),(978,b'1','Gunma University'),(979,b'1','Gustavus Adolphus College'),(980,b'1','Gwangju Institute of Science & Technology'),(981,b'1','Gwynedd-Mercy College'),(982,b'1','Gyeongsang National University'),(983,b'1','Hacettepe University'),(984,b'1','Hagerstown Community College'),(985,b'1','Hainan University'),(986,b'1','Hallym University'),(987,b'1','Halmstad University'),(988,b'1','Hamamatsu University School of Medicine'),(989,b'1','Hamburg University of Technology'),(990,b'1','Hamilton College'),(991,b'1','Hamilton Technical College'),(992,b'1','Hamline University'),(993,b'1','Hampden-Sydney College'),(994,b'1','Hampshire College'),(995,b'1','Hampton College'),(996,b'1','Hampton University'),(997,b'1','Hangzhou Dianzi University'),(998,b'1','Hangzhou Normal University'),(999,b'1','Hannibal-Lagrange College'),(1000,b'1','Hanoi Medical University'),(1001,b'1','Hanoi University of Science & Technology'),(1002,b'1','Hanover College'),(1003,b'1','Hanyang University'),(1004,b'1','Harbin Engineering University'),(1005,b'1','Harbin Institute of Technology'),(1006,b'1','Harbin Medical University'),(1007,b'1','Harbin Normal University'),(1008,b'1','Harbin University of Science & Technology'),(1009,b'1','Harding University'),(1010,b'1','Harding University Graduate School of Religion'),(1011,b'1','Hardin-Simmons University'),(1012,b'1','Harokopio University Athens'),(1013,b'1','Harran University'),(1014,b'1','Harrington Institute of Interior Design'),(1015,b'1','Harris-Stowe State University'),(1016,b'1','Hartford College for Women'),(1017,b'1','Hartford Graduate Center (Rensselaer at Hartford)'),(1018,b'1','Hartwick College'),(1019,b'1','Harvard University'),(1020,b'1','Harvey Mudd College'),(1021,b'1','Hashemite University'),(1022,b'1','Hasselt University'),(1023,b'1','Hastings College'),(1024,b'1','Haverford College'),(1025,b'1','Hawaii Pacific University'),(1026,b'1','Hazara University'),(1027,b'1','Health Sciences University of Hokkaido'),(1028,b'1','Heartland Baptist Bible College'),(1029,b'1','Hebei Medical University'),(1030,b'1','Hebei Normal University'),(1031,b'1','Hebei University'),(1032,b'1','Hebei University of Science & Technology'),(1033,b'1','Hebei University of Technology'),(1034,b'1','Hebrew College'),(1035,b'1','Hebrew University of Jerusalem'),(1036,b'1','Hefei University of Technology'),(1037,b'1','Heidelberg College'),(1038,b'1','Heilongjiang University'),(1039,b'1','Heinrich Heine University Dusseldorf'),(1040,b'1','Helwan University'),(1041,b'1','Henan Normal University'),(1042,b'1','Henan Polytech University'),(1043,b'1','Henan University'),(1044,b'1','Henan University of Science & Technology'),(1045,b'1','Henderson State Univerisity'),(1046,b'1','Hendrix College'),(1047,b'1','Heriot Watt University'),(1048,b'1','Heritage College'),(1049,b'1','Hesser College'),(1050,b'1','High Point University'),(1051,b'1','Hilbert College'),(1052,b'1','Hillsdale College'),(1053,b'1','Hiram College'),(1054,b'1','Hirosaki University'),(1055,b'1','Hiroshima University'),(1056,b'1','Hobart and William Smith Colleges'),(1057,b'1','Hobe Sound Bible College'),(1058,b'1','Hodges University'),(1059,b'1','Hofstra University'),(1060,b'1','Hohai University'),(1061,b'1','Hokkaido University'),(1062,b'1','Hollins University'),(1063,b'1','Holy Apostles College'),(1064,b'1','Holy Cross College'),(1065,b'1','Holy Family College'),(1066,b'1','Holy Names College'),(1067,b'1','Hongik University'),(1068,b'1','Hong Kong Baptist University'),(1069,b'1','Hong Kong Institute of Education'),(1070,b'1','Hong Kong Polytechnic University'),(1071,b'1','Hong Kong University of Science & Technology'),(1072,b'1','Hood College'),(1073,b'1','Hope College'),(1074,b'1','Hope International University'),(1075,b'1','Hosei University'),(1076,b'1','Hoshi University'),(1077,b'1','Houghton College'),(1078,b'1','Houston Baptist University'),(1079,b'1','Howard Payne University'),(1080,b'1','Howard University'),(1081,b'1','Huaqiao University'),(1082,b'1','Huazhong Agricultural University'),(1083,b'1','Huazhong University of Science & Technology'),(1084,b'1','Hubei Normal University'),(1085,b'1','Hubei University'),(1086,b'1','Humboldt State University'),(1087,b'1','Humboldt University of Berlin'),(1088,b'1','Humphreys College'),(1089,b'1','Hunan Normal University'),(1090,b'1','Hunan University'),(1091,b'1','Hunan University of Technology'),(1092,b'1','Hunter College (CUNY)'),(1093,b'1','Huntington College'),(1094,b'1','Huron University'),(1095,b'1','Husson College'),(1096,b'1','Huston-Tillotson College'),(1097,b'1','Hyogo College of Medicine'),(1098,b'1','Ibaraki University'),(1099,b'1','ICI University'),(1100,b'1','ICT College'),(1101,b'1','Idaho State University'),(1102,b'1','Iglobal University'),(1103,b'1','Illinois Benedictine University'),(1104,b'1','Illinois College'),(1105,b'1','Illinois College of Optometry'),(1106,b'1','Illinois Institute of Technology'),(1107,b'1','Illinois School of Professional Psychology - Chicago Campus'),(1108,b'1','Illinois School of Professional Psychology - Meadows Campus'),(1109,b'1','Illinois State University'),(1110,b'1','Illinois Valley Community College'),(1111,b'1','Illinois Wesleyan University'),(1112,b'1','Immaculata University'),(1113,b'1','IMPAC University'),(1114,b'1','Imperial College London'),(1115,b'1','Indiana Institute of Technologyy'),(1116,b'1','Indian Association for the Cultivation of Science (IACS) - Jadavpur'),(1117,b'1','Indiana State University'),(1118,b'1','Indiana University'),(1119,b'1','Indiana University at Bloomington'),(1120,b'1','Indiana University at Kokomo'),(1121,b'1','Indiana University at South Bend'),(1122,b'1','Indiana University Bloomington'),(1123,b'1','Indiana University - East'),(1124,b'1','Indiana University - Northwest'),(1125,b'1','Indiana University of Pennsylvania'),(1126,b'1','Indiana University-Purdue University at Columbus'),(1127,b'1','Indiana University-Purdue University at Fort Wayne'),(1128,b'1','Indiana University-Purdue University at Indianapolis'),(1129,b'1','Indiana University-Purdue University Indianapolis'),(1130,b'1','Indiana University - Southeast'),(1131,b'1','Indiana University (System)'),(1132,b'1','Indiana Wesleyan University'),(1133,b'1','Indian Institute of Science Education and Research (IISER) - Mohali'),(1134,b'1','Indian Institute of Science Education & Research (IISER) - Bhopal'),(1135,b'1','Indian Institute of Science Education & Research (IISER) - Pune'),(1136,b'1','Indian Institute of Science Education & Research (IISER) - Thiruvananthapuram'),(1137,b'1','Indian Institute of Science (IISC) - Banglore'),(1138,b'1','Indian Institute of Technology (IIT) - Bombay'),(1139,b'1','Indian Institute of Technology (IIT) - Delhi'),(1140,b'1','Indian Institute of Technology (IIT) - Guwahati'),(1141,b'1','Indian Institute of Technology (IIT) - Hyderabad'),(1142,b'1','Indian Institute of Technology (IIT) - Indore'),(1143,b'1','Indian Institute of Technology (IIT) - Kanpur'),(1144,b'1','Indian Institute of Technology (IIT) - Kharagpur'),(1145,b'1','Indian Institute of Technology (IIT) - Madras'),(1146,b'1','Indian Institute of Technology (IIT) - Roorkee'),(1147,b'1','Indian Institute of Technology (IIT) - Ropar'),(1148,b'1','Indian School of Mines'),(1149,b'1','Inha University'),(1150,b'1','Inje University'),(1151,b'1','Inner Mongolia Agricultural University'),(1152,b'1','Inner Mongolia University'),(1153,b'1','Inner Mongolia University of Technology'),(1154,b'1','Inonu University'),(1155,b'1','INSEAD Business School'),(1156,b'1','Institute of Chemical Technology Prague'),(1157,b'1','Institute of Clinical Social Work'),(1158,b'1','Institute of Mathematical Sciences (IMSc) India'),(1159,b'1','Institute of Paper Science and Technology'),(1160,b'1','Institute of Textile Technology'),(1161,b'1','Institute of Transpersonal Psychology'),(1162,b'1','Institute Technology of Bandung'),(1163,b'1','Institut Etudes Politiques Paris'),(1164,b'1','Institut National Polytechnique de Grenoble'),(1165,b'1','Institut National Polytechnique de Lorraine'),(1166,b'1','Institut National Polytechnique de Toulouse'),(1167,b'1','Instituto Superior Psicologia Aplicada (ISPA)'),(1168,b'1','Instituto Universitario de Lisboa'),(1169,b'1','IntelliTec College - Grand Junction'),(1170,b'1','Interdisciplinary Center (IDC) Herzliya'),(1171,b'1','International Academy of  Merchandising and Design Chicago'),(1172,b'1','International Academy of  Merchandising and Design Tampa'),(1173,b'1','International Bible College'),(1174,b'1','International College'),(1175,b'1','International Islamic University Malaysia'),(1176,b'1','Inter-University Accelerator Centre'),(1177,b'1','Interuniversity Cardiology Institute of the Netherlands'),(1178,b'1','Inter-University Centre for Astronomy & Astrophysics'),(1179,b'1','Iona College'),(1180,b'1','Iowa State University'),(1181,b'1','Iowa State University of Science and Technology'),(1182,b'1','Iowa Wesleyan College'),(1183,b'1','Iran University Science & Technology'),(1184,b'1','Irkutsk State University'),(1185,b'1','Isfahan University of Technology'),(1186,b'1','I Shou University'),(1187,b'1','Istanbul Teknik University'),(1188,b'1','Istanbul University'),(1189,b'1','Ithaca College'),(1190,b'1','ITT Technical Institute Fort Wayne'),(1191,b'1','ITT Technical Institute Indianapolis'),(1192,b'1','ITT Technical Institute Maitland'),(1193,b'1','ITT Technical Institute Portland'),(1194,b'1','ITT Technical Institute West Covina'),(1195,b'1','Iuliu Hatieganu University of Medicine & Pharmacy'),(1196,b'1','Ivane Javakhishvili Tbilisi State University'),(1197,b'1','Iwate Medical University'),(1198,b'1','Iwate University'),(1199,b'1','Izmir Yuksek Teknoloji Enstitusu'),(1200,b'1','Jackson State University'),(1201,b'1','Jacksonville State University'),(1202,b'1','Jacksonville University'),(1203,b'1','Jacobs University'),(1204,b'1','Jadavpur University'),(1205,b'1','Jagiellonian University'),(1206,b'1','James Cook University'),(1207,b'1','James Madison University'),(1208,b'1','Jamestown College'),(1209,b'1','Jamia Hamdard University'),(1210,b'1','Jamia Millia Islamia'),(1211,b'1','Jan Kochanowski University'),(1212,b'1','Jarvis Christian College'),(1213,b'1','Jawaharlal Nehru University'),(1214,b'1','Jean Monnet University'),(1215,b'1','Jeju National University'),(1216,b'1','Jiangnan University'),(1217,b'1','Jiangsu Normal University'),(1218,b'1','Jiangsu University'),(1219,b'1','Jiangxi Normal University'),(1220,b'1','Jichi Medical University'),(1221,b'1','Jikei University'),(1222,b'1','Jilin Normal University'),(1223,b'1','Jilin University'),(1224,b'1','Jinan University'),(1225,b'1','Jishou University'),(1226,b'1','Jiwaji University'),(1227,b'1','Jodrell Bank Centre for Astrophysics'),(1228,b'1','Johannes Gutenberg University of Mainz'),(1229,b'1','Johannes Kepler University of Linz'),(1230,b'1','John Brown University'),(1231,b'1','John Carroll University'),(1232,b'1','John F. Kennedy University'),(1233,b'1','John Jay College of Criminal Justice (CUNY)'),(1234,b'1','John Marshall Law School'),(1235,b'1','John Paul the Great Catholic University'),(1236,b'1','Johns Hopkins University'),(1237,b'1','Johnson & Wales University'),(1238,b'1','Johnson & Wales University Charleston'),(1239,b'1','Johnson Bible College'),(1240,b'1','Johnson County Community College'),(1241,b'1','Johnson C. Smith University'),(1242,b'1','Johnson State College'),(1243,b'1','John Wesley College'),(1244,b'1','Jones College'),(1245,b'1','Jones International University'),(1246,b'1','Jonkoping University'),(1247,b'1','Jordan University of Science & Technology'),(1248,b'1','Joseph Fourier University'),(1249,b'1','Judson College Elgin'),(1250,b'1','Judson College Marion'),(1251,b'1','Juniata College'),(1252,b'1','Juntendo University'),(1253,b'1','Justus Liebig University Giessen'),(1254,b'1','Kafkas University'),(1255,b'1','Kafrelsheikh University'),(1256,b'1','Kagawa University'),(1257,b'1','Kagoshima University'),(1258,b'1','Kahramanmaras Sutcu Imam University'),(1259,b'1','Kalamazoo College'),(1260,b'1','Kanagawa University'),(1261,b'1','Kanazawa Medical University'),(1262,b'1','Kanazawa University'),(1263,b'1','Kangnung Wonju National University'),(1264,b'1','Kangwon National University'),(1265,b'1','Kankakee Community College'),(1266,b'1','Kansai Medical University'),(1267,b'1','Kansai University'),(1268,b'1','Kansas City Art Institute'),(1269,b'1','Kansas State University'),(1270,b'1','Kansas Wesleyan University'),(1271,b'1','Kaohsiung Medical University'),(1272,b'1','Kaplan University'),(1273,b'1','Karabuk University'),(1274,b'1','Karadeniz Teknik University'),(1275,b'1','Karlsruhe Institute of Technology'),(1276,b'1','Karlstad University'),(1277,b'1','Karolinska Institute'),(1278,b'1','Kasetsart University'),(1279,b'1','Katharine Gibbs School'),(1280,b'1','Kaunas University of Medicine'),(1281,b'1','Kaunas University of Technology'),(1282,b'1','Kawasaki Medical School'),(1283,b'1','Kazan Federal University'),(1284,b'1','Kean University of New Jersey'),(1285,b'1','Keck Graduate Institute of Applied Life Sciences'),(1286,b'1','Keele University'),(1287,b'1','Keene State College'),(1288,b'1','Keimyung University'),(1289,b'1','Keio University'),(1290,b'1','Keller Graduate School of Management'),(1291,b'1','Kendall College'),(1292,b'1','Kendall College of Art and Design'),(1293,b'1','Kennesaw State University'),(1294,b'1','Kent State University'),(1295,b'1','Kent State University - Ashtabula'),(1296,b'1','Kent State University - East Liverpool'),(1297,b'1','Kent State University - Salem'),(1298,b'1','Kent State University - Stark'),(1299,b'1','Kent State University - Trumbull'),(1300,b'1','Kent State University - Tuscarawas'),(1301,b'1','Kentucky Christian College'),(1302,b'1','Kentucky State University'),(1303,b'1','Kentucky Wesleyan College'),(1304,b'1','Kenyon College'),(1305,b'1','Kettering University (GMI)'),(1306,b'1','Keuka College'),(1307,b'1','Khalifa University of Science & Technology Research'),(1308,b'1','Khon Kaen University'),(1309,b'1','King Abdulaziz University'),(1310,b'1','King Abdullah University of Science & Technology'),(1311,b'1','King College'),(1312,b'1','King Fahd University of Petroleum & Minerals'),(1313,b'1','King Faisal University'),(1314,b'1','King Khalid University'),(1315,b'1','King Mongkuts Institute of Technology Ladkrabang'),(1316,b'1','King Mongkuts University of Technology Thonburi'),(1317,b'1','King Saud Bin Abdulaziz University for Health Sciences'),(1318,b'1','King Saud University'),(1319,b'1','King\'s College'),(1320,b'1','Kings College London'),(1321,b'1','Kingston University'),(1322,b'1','Kinki University'),(1323,b'1','Kirikkale University'),(1324,b'1','Kirksville College of Osteopathic Medicine'),(1325,b'1','Kirkwood Community College'),(1326,b'1','Kitasato University'),(1327,b'1','Knox College'),(1328,b'1','Knoxville College'),(1329,b'1','Kobe Gakuin University'),(1330,b'1','Kobe Pharmaceutical University'),(1331,b'1','Kobe University'),(1332,b'1','Kocaeli University'),(1333,b'1','Kochi University'),(1334,b'1','Koc University - Turkey'),(1335,b'1','Kogakuin University'),(1336,b'1','Kohat University of Science & Technology'),(1337,b'1','Konan University'),(1338,b'1','Kongju National University'),(1339,b'1','Konkuk University'),(1340,b'1','Kookmin University'),(1341,b'1','Korea National University of Transportation'),(1342,b'1','Korea University'),(1343,b'1','KU Leuven'),(1344,b'1','Kumamoto University'),(1345,b'1','Kunming Medical University'),(1346,b'1','Kunming University of Science & Technology'),(1347,b'1','Kurume University'),(1348,b'1','Kutztown University of Pennsylvania'),(1349,b'1','Kuvempu University'),(1350,b'1','Kuwait University'),(1351,b'1','Kwame Nkrumah University Science & Technology'),(1352,b'1','Kwangwoon University'),(1353,b'1','Kwansei Gakuin University'),(1354,b'1','Kyorin University'),(1355,b'1','Kyoto Institute of Technology'),(1356,b'1','Kyoto Pharmaceutical University'),(1357,b'1','Kyoto Prefectural University'),(1358,b'1','Kyoto Prefectural University of Medicine'),(1359,b'1','Kyoto Sangyo University'),(1360,b'1','Kyoto University'),(1361,b'1','Kyung Hee University'),(1362,b'1','Kyungpook National University'),(1363,b'1','Kyushu Institute of Technology'),(1364,b'1','Kyushu University'),(1365,b'1','Laboratory Institute of Merchandising'),(1366,b'1','Lafayette College'),(1367,b'1','Lagrange College'),(1368,b'1','Lahore University of Management Sciences'),(1369,b'1','Lake Erie College'),(1370,b'1','Lake Forest College'),(1371,b'1','Lake Forest Graduate School of Management'),(1372,b'1','Lakehead University'),(1373,b'1','Lakeland College'),(1374,b'1','Lake Superior State University'),(1375,b'1','Lakeview College of Nursing'),(1376,b'1','Lamar University'),(1377,b'1','Lamar University - Port Arthur'),(1378,b'1','Lambuth University'),(1379,b'1','Lancaster Bible College'),(1380,b'1','Lancaster University'),(1381,b'1','Lander University'),(1382,b'1','Lane College'),(1383,b'1','Langston University'),(1384,b'1','Lanzhou Jiaotong University'),(1385,b'1','Lanzhou University'),(1386,b'1','Lanzhou University of Technology'),(1387,b'1','Lappeenranta University of Technology'),(1388,b'1','La Roche College'),(1389,b'1','La Salle University'),(1390,b'1','Lasell College'),(1391,b'1','La Sierra University'),(1392,b'1','La Trobe University'),(1393,b'1','Laurentian University'),(1394,b'1','Laurus Technical Institute'),(1395,b'1','Lawrence Technological University'),(1396,b'1','Lawrence University'),(1397,b'1','Lebanese American University'),(1398,b'1','Lebanese University'),(1399,b'1','Lebanon Valley College'),(1400,b'1','Leeds Metropolitan University'),(1401,b'1','Lees-McRae College'),(1402,b'1','Lee University'),(1403,b'1','Lehigh University'),(1404,b'1','Lehigh Univervsity'),(1405,b'1','Lehman College (CUNY)'),(1406,b'1','Leiden University'),(1407,b'1','Le Moyne College'),(1408,b'1','Le Moyne-Owen College'),(1409,b'1','Lenoir-Rhyne College'),(1410,b'1','Lesley University'),(1411,b'1','Letourneau University'),(1412,b'1','Leuphana University Luneburg'),(1413,b'1','Lewis & Clark Community College'),(1414,b'1','Lewis and Clark College'),(1415,b'1','Lewis-Clark State College'),(1416,b'1','Lewis University'),(1417,b'1','Liaocheng University'),(1418,b'1','Liaoning Normal University'),(1419,b'1','Liaoning Shihua University'),(1420,b'1','Liaoning University'),(1421,b'1','Liaoning University of Technology'),(1422,b'1','Liberty University'),(1423,b'1','Life Chiropractic College West'),(1424,b'1','Life University'),(1425,b'1','Limestone College'),(1426,b'1','Lincoln Memorial University'),(1427,b'1','Lincoln University'),(1428,b'1','Lincoln University Missouri'),(1429,b'1','Lincoln University Pennsylvania'),(1430,b'1','Lincoln University San Francisco'),(1431,b'1','Lindenwood University'),(1432,b'1','Lindsey Wilson College'),(1433,b'1','Linfield College'),(1434,b'1','Lingnan University'),(1435,b'1','Linkoping University'),(1436,b'1','Linnaeus University'),(1437,b'1','Lipscomb University'),(1438,b'1','Liverpool John Moores University'),(1439,b'1','Livingstone College'),(1440,b'1','LN Gumilyov Eurasian National University'),(1441,b'1','Lobachevsky State University Nizhni Novgorod'),(1442,b'1','Lock Haven University of Pennsylvania'),(1443,b'1','Logan College of Chiropractic'),(1444,b'1','Loma Linda University'),(1445,b'1','Lomonosov Moscow State University'),(1446,b'1','London Business School'),(1447,b'1','London Metropolitan University'),(1448,b'1','London School Economics & Political Science'),(1449,b'1','London South Bank University'),(1450,b'1','Long Island University'),(1451,b'1','Long Island University C.W. Post Campus'),(1452,b'1','Long Island University Southampton College'),(1453,b'1','Longwood College'),(1454,b'1','Loras College'),(1455,b'1','Los Angeles College of Chiropractic'),(1456,b'1','Loughborough University'),(1457,b'1','Louisiana Baptist University'),(1458,b'1','Louisiana College'),(1459,b'1','Louisiana State University'),(1460,b'1','Louisiana State University and Agricultural and Mechanical College'),(1461,b'1','Louisiana State University at Alexandria'),(1462,b'1','Louisiana State University at Eunice'),(1463,b'1','Louisiana State University Health Sciences Center New Orleans'),(1464,b'1','Louisiana State University in Shreveport'),(1465,b'1','Louisiana Tech University'),(1466,b'1','Lourdes College'),(1467,b'1','Loyola College - India'),(1468,b'1','Loyola College in Maryland'),(1469,b'1','Loyola Marymount University'),(1470,b'1','Loyola University Chicago'),(1471,b'1','Loyola University New Orleans'),(1472,b'1','Loyola University of Chicago'),(1473,b'1','Lubbock Christian University'),(1474,b'1','Lublin University of Technology'),(1475,b'1','Lucknow University'),(1476,b'1','Ludong University'),(1477,b'1','Lulea University of Technology'),(1478,b'1','Lund University'),(1479,b'1','Lutheran Bible Institute of Seattle'),(1480,b'1','Luther College'),(1481,b'1','Lycoming College'),(1482,b'1','Lynchburg College'),(1483,b'1','Lyndon State College'),(1484,b'1','Lynn University'),(1485,b'1','Lyon College'),(1486,b'1','Maastricht University'),(1487,b'1','Macalester College'),(1488,b'1','Macau University of Science & Technology'),(1489,b'1','MacMurray College'),(1490,b'1','Macon State College'),(1491,b'1','Macquarie University'),(1492,b'1','Madison University (Distance Education)'),(1493,b'1','Madonna University'),(1494,b'1','Madurai Kamaraj University'),(1495,b'1','Mae Fah Luang University'),(1496,b'1','Magna Graecia University of Catanzaro'),(1497,b'1','Maharaja Sayajirao University Baroda'),(1498,b'1','Maharishi University of Management'),(1499,b'1','Mahasarakham University'),(1500,b'1','Mahatma Gandhi University'),(1501,b'1','Mahidol University'),(1502,b'1','Maine College of Art'),(1503,b'1','Maine Maritime Academy'),(1504,b'1','Makerere University'),(1505,b'1','Malardalen University'),(1506,b'1','Malmo University'),(1507,b'1','Malone College'),(1508,b'1','Manchester College'),(1509,b'1','Manchester Metropolitan University'),(1510,b'1','Mangalore University'),(1511,b'1','Manhattan Christian College'),(1512,b'1','Manhattan College'),(1513,b'1','Manhattan School of Music'),(1514,b'1','Manhattanville College'),(1515,b'1','Manipal University'),(1516,b'1','Mankato State University'),(1517,b'1','Mansfield University of Pennsylvania'),(1518,b'1','Mansoura University'),(1519,b'1','Maranatha Baptist Bible College'),(1520,b'1','Marche Polytechnic University'),(1521,b'1','Maria Curie Skodowska University'),(1522,b'1','Marian College'),(1523,b'1','Marian College of Fond Du Lac'),(1524,b'1','Marietta College'),(1525,b'1','Marist College'),(1526,b'1','Marlboro College'),(1527,b'1','Marmara University'),(1528,b'1','Marquette University'),(1529,b'1','Marshall University'),(1530,b'1','Mars Hill College'),(1531,b'1','Martin Luther College'),(1532,b'1','Martin Luther University Halle Wittenberg'),(1533,b'1','Martin Methodist College'),(1534,b'1','Martin University'),(1535,b'1','Mary Baldwin College'),(1536,b'1','Marycrest International University'),(1537,b'1','Marygrove College'),(1538,b'1','Marylhurst University'),(1539,b'1','Marymount College New York'),(1540,b'1','Marymount Manhattan College'),(1541,b'1','Marymount University'),(1542,b'1','Maryville College'),(1543,b'1','Maryville University of St. Louis'),(1544,b'1','Mary Washington College'),(1545,b'1','Marywood University'),(1546,b'1','Masaryk University Brno'),(1547,b'1','Massachusetts College of Art'),(1548,b'1','Massachusetts College of Liberal Arts'),(1549,b'1','Massachusetts College of Pharmacy and Allied Health Sciences'),(1550,b'1','Massachusetts Institute of Technology'),(1551,b'1','Massachusetts Institute of Technology (MIT)'),(1552,b'1','Massachusetts Maritime Academy'),(1553,b'1','Massachusetts School of Professional Psychology'),(1554,b'1','Massey University'),(1555,b'1','Maulana Azad Medical College'),(1556,b'1','Mayo Graduate School'),(1557,b'1','Mayo Medical School'),(1558,b'1','Mayville State University'),(1559,b'1','Mbarara University of Science & Technology'),(1560,b'1','McGill University'),(1561,b'1','McKendree College'),(1562,b'1','McMaster University'),(1563,b'1','McMurry University'),(1564,b'1','McNeese State University'),(1565,b'1','McPherson College'),(1566,b'1','Medaille College'),(1567,b'1','Medcenter One College of Nursing'),(1568,b'1','Medical College of Georgia'),(1569,b'1','Medical College of Ohio'),(1570,b'1','Medical College of Pennsylvania and Hahnemann University'),(1571,b'1','Medical College of Wisconsin'),(1572,b'1','Medical University Gdansk'),(1573,b'1','Medical University Lodz'),(1574,b'1','Medical University of Graz'),(1575,b'1','Medical University of Innsbruck'),(1576,b'1','Medical University of Lublin'),(1577,b'1','Medical University of South Carolina'),(1578,b'1','Medical University of Vienna'),(1579,b'1','Medical University Silesia'),(1580,b'1','Medical University Sofia'),(1581,b'1','Medical University Warsaw'),(1582,b'1','Meharry Medical College'),(1583,b'1','Meiji University'),(1584,b'1','Meijo University'),(1585,b'1','Memorial University Newfoundland'),(1586,b'1','Memphis College of Art'),(1587,b'1','Mendeleyev University of Chemical Technology'),(1588,b'1','Mendel University Brno'),(1589,b'1','Menlo College'),(1590,b'1','Mennonite College of Nursing'),(1591,b'1','Menofia University'),(1592,b'1','Mercer University'),(1593,b'1','Mercer University Cecil B. Day Campus'),(1594,b'1','Mercy College'),(1595,b'1','Mercyhurst College'),(1596,b'1','Meredith College'),(1597,b'1','Merrimack College'),(1598,b'1','Mersin University'),(1599,b'1','Mesa State College'),(1600,b'1','Messiah College'),(1601,b'1','Methodist College'),(1602,b'1','Metropolitan Autonomous University - Mexico'),(1603,b'1','Metropolitan State College of Denver'),(1604,b'1','Metropolitan State University'),(1605,b'1','MGH Institute of Health Professions'),(1606,b'1','Miami Dade College'),(1607,b'1','Miami University'),(1608,b'1','Miami University of Ohio'),(1609,b'1','Miami University of Ohio - Hamilton'),(1610,b'1','Miami University of Ohio - Middletown'),(1611,b'1','Michigan School of Professional Psychology'),(1612,b'1','Michigan State University'),(1613,b'1','Michigan Technological University'),(1614,b'1','Mid-America Nazarene University'),(1615,b'1','Mid-American Bible College'),(1616,b'1','Mid-Continent Baptist Bible College'),(1617,b'1','Middlebury College'),(1618,b'1','Middlesex University'),(1619,b'1','Middle Tennessee State University'),(1620,b'1','Midland Lutheran College'),(1621,b'1','Mid-Sweden University'),(1622,b'1','Midway College'),(1623,b'1','Midwestern State University'),(1624,b'1','Midwestern University'),(1625,b'1','Mie University'),(1626,b'1','Miles College'),(1627,b'1','Millennia Atlantic University'),(1628,b'1','Millersville University of Pennsylvania'),(1629,b'1','Milligan College'),(1630,b'1','Millikin University'),(1631,b'1','Millsaps College'),(1632,b'1','Mills College'),(1633,b'1','Mills Grae University'),(1634,b'1','Milwaukee Institute of Art and Design'),(1635,b'1','Milwaukee School of Engineering'),(1636,b'1','Mimar Sinan Guzel Sanatlar University'),(1637,b'1','MINES ParisTech'),(1638,b'1','Ming Chuan University'),(1639,b'1','Mingdao University'),(1640,b'1','MinNan Normal University'),(1641,b'1','Minneapolis College of Art and Design'),(1642,b'1','Minnesota Bible College'),(1643,b'1','Minnesota School of Professional Psychology'),(1644,b'1','Minot State University'),(1645,b'1','Minzu University China'),(1646,b'1','Mississippi College'),(1647,b'1','Mississippi State University'),(1648,b'1','Mississippi University for Women'),(1649,b'1','Mississippi Valley State University'),(1650,b'1','Missouri Baptist College'),(1651,b'1','Missouri Southern State College'),(1652,b'1','Missouri Tech'),(1653,b'1','Missouri University of Science and Technology'),(1654,b'1','Missouri University Science & Technology'),(1655,b'1','Missouri Valley College'),(1656,b'1','Missouri Western State College'),(1657,b'1','Moi University'),(1658,b'1','Molloy College'),(1659,b'1','Monash University'),(1660,b'1','Monash University Sunway'),(1661,b'1','Monmouth University'),(1662,b'1','Montana State University'),(1663,b'1','Montana State University - Billings'),(1664,b'1','Montana State University Bozeman'),(1665,b'1','Montana State University - Northern'),(1666,b'1','Montana Tech'),(1667,b'1','Montclair State University'),(1668,b'1','Monterey Institute of International Studies'),(1669,b'1','Monterrey Institute for Technology & Higher Education'),(1670,b'1','Montreat College'),(1671,b'1','Montserrat College of Art'),(1672,b'1','Moody Bible Institute'),(1673,b'1','Moore College of Art and Design'),(1674,b'1','Moorhead State University'),(1675,b'1','Moraine Valley Community College'),(1676,b'1','Moravian College'),(1677,b'1','Morehead State University'),(1678,b'1','Morehouse College'),(1679,b'1','Morehouse School of Medicine'),(1680,b'1','Morgan State University'),(1681,b'1','Morningside College'),(1682,b'1','Morris Brown College'),(1683,b'1','Morris College'),(1684,b'1','Morrison College'),(1685,b'1','Moscow Engineering Physics Institute'),(1686,b'1','Moscow Institute of Physics & Technology'),(1687,b'1','Moscow Institute of Steel & Alloys'),(1688,b'1','Motilal Nehru Institute of Technology'),(1689,b'1','Mountain State University'),(1690,b'1','Mount Allison University'),(1691,b'1','Mount Aloysius College'),(1692,b'1','Mount Carmel College of Nursing'),(1693,b'1','Mount Holyoke College'),(1694,b'1','Mount Ida College'),(1695,b'1','Mount Marty College'),(1696,b'1','Mount Mary College'),(1697,b'1','Mount Mercy College'),(1698,b'1','Mount Olive College'),(1699,b'1','Mount Senario College'),(1700,b'1','Mount Sinai School of Medicine'),(1701,b'1','Mount St. Clare College'),(1702,b'1','Mount St. Mary College'),(1703,b'1','Mount St. Mary\'s College California'),(1704,b'1','Mount St. Mary\'s College Maryland'),(1705,b'1','Mount Union College'),(1706,b'1','Mount Vernon College'),(1707,b'1','Mount Vernon Nazarene College'),(1708,b'1','Mugla University'),(1709,b'1','Muhlenberg College'),(1710,b'1','Multimedia University'),(1711,b'1','Multnomah Bible College'),(1712,b'1','Murdoch University'),(1713,b'1','Muroran Institute of Technology'),(1714,b'1','Murray State University'),(1715,b'1','Muskingum College'),(1716,b'1','Mustafa Kemal University'),(1717,b'1','Myongji University'),(1718,b'1','NAES College'),(1719,b'1','Nagaoka University of Technology'),(1720,b'1','Nagasaki University'),(1721,b'1','Nagoya City University'),(1722,b'1','Nagoya Institute of Technology'),(1723,b'1','Nagoya University'),(1724,b'1','Nagpur University'),(1725,b'1','Namik Kemal University'),(1726,b'1','Nanchang University'),(1727,b'1','Nanjing Agricultural University'),(1728,b'1','Nanjing Forestry University'),(1729,b'1','Nanjing Medical University'),(1730,b'1','Nanjing Normal University'),(1731,b'1','Nanjing University'),(1732,b'1','Nanjing University of Aeronautics & Astronautics'),(1733,b'1','Nanjing University of Information Science & Technology'),(1734,b'1','Nanjing University of Posts & Telecommunications'),(1735,b'1','Nanjing University of Science & Technology'),(1736,b'1','Nanjing University of Technology'),(1737,b'1','Nankai University'),(1738,b'1','Nan Kai University Technology'),(1739,b'1','Nantong University'),(1740,b'1','Nanyang Technological University'),(1741,b'1','Napier University'),(1742,b'1','Nara Institute of Science & Technology'),(1743,b'1','Nara Medical University'),(1744,b'1','Nara Womens University'),(1745,b'1','Naresuan University'),(1746,b'1','National American University'),(1747,b'1','National American University Albuquerque'),(1748,b'1','National American University Colorado Springs'),(1749,b'1','National American University Denver'),(1750,b'1','National American University Kansas City'),(1751,b'1','National American University Roseville'),(1752,b'1','National American University Sioux Falls'),(1753,b'1','National Autonomous University of Mexico'),(1754,b'1','National Central University'),(1755,b'1','National Chengchi University'),(1756,b'1','National Cheng Kung University'),(1757,b'1','National Chiao Tung University'),(1758,b'1','National Chiayi University'),(1759,b'1','National Chi Nan University'),(1760,b'1','National Chung Cheng University'),(1761,b'1','National Chung Hsing University'),(1762,b'1','National College of Chiropractic'),(1763,b'1','National College of Naturopathic Medicine'),(1764,b'1','National Defence Academy - Japan'),(1765,b'1','National Defense Medical College - Japan'),(1766,b'1','National Defense University'),(1767,b'1','National Dong Hwa University'),(1768,b'1','National Hispanic University'),(1769,b'1','National Institute of Education (NIE) Singapore'),(1770,b'1','National Institute of Technology Karnataka'),(1771,b'1','National Institute Technology Tiruchirappalli'),(1772,b'1','National Kaohsiung University of Applied Sciences'),(1773,b'1','National-Louis University'),(1774,b'1','National Polytechnic Institute - Mexico'),(1775,b'1','National Research University - Higher School of Economics'),(1776,b'1','National Sun Yat Sen University'),(1777,b'1','National Taipei University'),(1778,b'1','National Taipei University of Technology'),(1779,b'1','National Taiwan Normal University'),(1780,b'1','National Taiwan Ocean University'),(1781,b'1','National Taiwan University'),(1782,b'1','National Taiwan University of Science & Technology'),(1783,b'1','National Technical University of Athens'),(1784,b'1','National Technical University Ukraine Kiev Polytechnic Institute'),(1785,b'1','National Technological University'),(1786,b'1','National Theatre Conservatory'),(1787,b'1','National Tsing Hua University'),(1788,b'1','National University'),(1789,b'1','National University Kaohsiung'),(1790,b'1','National University of Cordoba'),(1791,b'1','National University of Defence Technology - China'),(1792,b'1','National University of Ireland (NUI) Galway'),(1793,b'1','National University of Ireland (NUI) Maynooth'),(1794,b'1','National University of La Plata'),(1795,b'1','National University of Mar del Plata'),(1796,b'1','National University of Rosario'),(1797,b'1','National University of San Luis'),(1798,b'1','National University of San Marcos'),(1799,b'1','National University of Sciences & Technology - Pakistan'),(1800,b'1','National University of Singapore'),(1801,b'1','National University of the Littoral'),(1802,b'1','National University of the South'),(1803,b'1','National University Tainan'),(1804,b'1','National Yang Ming University'),(1805,b'1','Naval Postgraduate School'),(1806,b'1','Nazarene Bible College'),(1807,b'1','Nazareth College'),(1808,b'1','Nebraska Christian College'),(1809,b'1','Nebraska Methodist College of Nursing and Allied Health'),(1810,b'1','Nebraska Wesleyan University'),(1811,b'1','Nelson Mandela Metropolitan University'),(1812,b'1','Neumann College'),(1813,b'1','Nevsehir University'),(1814,b'1','Newberry College'),(1815,b'1','Newcastle University'),(1816,b'1','New College of California'),(1817,b'1','New College of Florida'),(1818,b'1','New England College'),(1819,b'1','New England College of Optometry'),(1820,b'1','New England Conservatory of Music'),(1821,b'1','New England Institute of Technology'),(1822,b'1','New England School of Art and Design'),(1823,b'1','New England School of Communications'),(1824,b'1','New England School of Law'),(1825,b'1','New Hampshire College'),(1826,b'1','New Jersey City University'),(1827,b'1','New Jersey Institute of Technology'),(1828,b'1','Newman University'),(1829,b'1','New Mexico Highlands University'),(1830,b'1','New Mexico Institute of Mining and Technology'),(1831,b'1','New Mexico Institute of Mining Technology'),(1832,b'1','New Mexico State University'),(1833,b'1','Newschool of Architecture and Design'),(1834,b'1','New York Academy of Art Graduate School of Figurative Art'),(1835,b'1','New York Chiropractic College'),(1836,b'1','New York College of Podiatric Medicine'),(1837,b'1','New York Film Academy'),(1838,b'1','New York Institute of Technology'),(1839,b'1','New York Law School'),(1840,b'1','New York Medical College'),(1841,b'1','New York School of Interior Design'),(1842,b'1','New York University'),(1843,b'1','Niagara University'),(1844,b'1','Nicholls State University'),(1845,b'1','Nichols College'),(1846,b'1','Nicolaus Copernicus University'),(1847,b'1','Nigde University'),(1848,b'1','Nihon University'),(1849,b'1','Niigata University'),(1850,b'1','Ningbo University'),(1851,b'1','Ningxia University'),(1852,b'1','Nippon Dental University'),(1853,b'1','Nippon Medical School'),(1854,b'1','Norfolk State University'),(1855,b'1','North Carolina Agricultural and Technical State University'),(1856,b'1','North Carolina A&T State University'),(1857,b'1','North Carolina Central University'),(1858,b'1','North Carolina School of the Arts'),(1859,b'1','North Carolina State University'),(1860,b'1','North Carolina Wesleyan College'),(1861,b'1','North Central Bible College'),(1862,b'1','North Central College'),(1863,b'1','Northcentral University'),(1864,b'1','North China Electric Power University'),(1865,b'1','North Dakota State University'),(1866,b'1','North Dakota State University Fargo'),(1867,b'1','North Eastern Hill University'),(1868,b'1','Northeastern Illinois University'),(1869,b'1','Northeastern Ohio University College of Medicine'),(1870,b'1','Northeastern State University'),(1871,b'1','Northeastern University'),(1872,b'1','Northeastern University - China'),(1873,b'1','Northeast Forestry University - China'),(1874,b'1','Northeast Normal University - China'),(1875,b'1','Northern Arizona University'),(1876,b'1','Northern Illinois University'),(1877,b'1','Northern Kentucky University'),(1878,b'1','Northern Michigan University'),(1879,b'1','Northern State University'),(1880,b'1','Northern Virginia Community College'),(1881,b'1','Northface University'),(1882,b'1','North Georgia College'),(1883,b'1','North Greenville College'),(1884,b'1','Northland College'),(1885,b'1','North Maharashtra University'),(1886,b'1','North Park University'),(1887,b'1','Northumbria University'),(1888,b'1','North University of China'),(1889,b'1','Northwest A&F University - China'),(1890,b'1','Northwest Christian College'),(1891,b'1','Northwest College of Art'),(1892,b'1','Northwestern College Iowa'),(1893,b'1','Northwestern College of Chiropractic'),(1894,b'1','Northwestern College St. Paul'),(1895,b'1','Northwestern Oklahoma State University'),(1896,b'1','Northwestern Polytechnic University - China'),(1897,b'1','Northwestern State University of Louisiana'),(1898,b'1','Northwestern University'),(1899,b'1','Northwest Missouri State University'),(1900,b'1','Northwest Nazarene University'),(1901,b'1','Northwest Normal University - China'),(1902,b'1','Northwest University'),(1903,b'1','North West University - South Africa'),(1904,b'1','Northwest University Xian'),(1905,b'1','Northwood University'),(1906,b'1','Northwood University Florida Campus'),(1907,b'1','Northwood University Texas Campus'),(1908,b'1','Norwegian School of Sport Sciences'),(1909,b'1','Norwegian University of Life Sciences'),(1910,b'1','Norwegian University of Science & Technology'),(1911,b'1','Norwich University'),(1912,b'1','Notre Dame College'),(1913,b'1','Notre Dame College of Ohio'),(1914,b'1','Notre Dame de Namur University'),(1915,b'1','Nottingham Trent University'),(1916,b'1','Nova Southeastern University'),(1917,b'1','Novosibirsk State University'),(1918,b'1','Nyack College'),(1919,b'1','Oakland City University'),(1920,b'1','Oakland University'),(1921,b'1','Oakton Community College'),(1922,b'1','Oakwood College'),(1923,b'1','Obafemi Awolowo University'),(1924,b'1','Oberlin College'),(1925,b'1','Obihiro University of Agriculture & Veterinary Medicine'),(1926,b'1','Occidental College'),(1927,b'1','Ocean University of China'),(1928,b'1','Ochanomizu University'),(1929,b'1','Oglala Lakota College'),(1930,b'1','Oglethorpe University'),(1931,b'1','Ohio College of Podiatric Medicine'),(1932,b'1','Ohio Dominican College'),(1933,b'1','Ohio Northern University'),(1934,b'1','Ohio State University'),(1935,b'1','Ohio State University - Lima'),(1936,b'1','Ohio State University - Mansfield'),(1937,b'1','Ohio State University - Marion'),(1938,b'1','Ohio State University - Newark'),(1939,b'1','Ohio University'),(1940,b'1','Ohio University - Chillicothe'),(1941,b'1','Ohio University - Eastern'),(1942,b'1','Ohio University - Lancaster'),(1943,b'1','Ohio University - Southern'),(1944,b'1','Ohio University - Zanesville'),(1945,b'1','Ohio Valley College'),(1946,b'1','Ohio Wesleyan University'),(1947,b'1','Oita University'),(1948,b'1','Okayama University'),(1949,b'1','Okayama University of Science'),(1950,b'1','Oklahoma Baptist University'),(1951,b'1','Oklahoma Christian University'),(1952,b'1','Oklahoma City University'),(1953,b'1','Oklahoma Panhandle State University'),(1954,b'1','Oklahoma State University'),(1955,b'1','Oklahoma State University Center for Health Sciences'),(1956,b'1','Oklahoma State University - Institute of Technology'),(1957,b'1','Oklahoma State University - Oklahoma City'),(1958,b'1','Oklahoma State University - Stillwater'),(1959,b'1','Oklahoma State University - Tulsa'),(1960,b'1','Old Dominion University'),(1961,b'1','Olive-Harvey College'),(1962,b'1','Olivet College'),(1963,b'1','Olivet Nazarene University'),(1964,b'1','O\'More College of Design'),(1965,b'1','Ondokuz Mayis University'),(1966,b'1','Open University Netherlands'),(1967,b'1','Open University - UK'),(1968,b'1','Oral Roberts University'),(1969,b'1','Orebro University'),(1970,b'1','Oregon College of Arts and Crafts'),(1971,b'1','Oregon Graduate Institute of Science and Technology'),(1972,b'1','Oregon Health Sciences University'),(1973,b'1','Oregon Institute of Technology'),(1974,b'1','Oregon State University'),(1975,b'1','Orta Dogu Teknik University'),(1976,b'1','Osaka City University'),(1977,b'1','Osaka Institute of Technology'),(1978,b'1','Osaka Medical Center for Cancer & Cardiovascular Diseases'),(1979,b'1','Osaka Prefecture University'),(1980,b'1','Osaka University'),(1981,b'1','Osmania University'),(1982,b'1','Otis College of Art & Design'),(1983,b'1','Ottawa University'),(1984,b'1','Otterbein College'),(1985,b'1','Otto von Guericke University'),(1986,b'1','Ouachita Baptist University'),(1987,b'1','Our Lady of Holy Cross College'),(1988,b'1','Our Lady of the Lake University'),(1989,b'1','Ovidius University'),(1990,b'1','Oxford Brookes University'),(1991,b'1','Ozark Christian College'),(1992,b'1','Ozyegin University'),(1993,b'1','Pace University'),(1994,b'1','Pace University  Pleasantville/Briarcliff'),(1995,b'1','Pacifica Graduate Institute'),(1996,b'1','Pacific College of Oriental Medicine'),(1997,b'1','Pacific Graduate School of Psychology'),(1998,b'1','Pacific Lutheran University'),(1999,b'1','Pacific Northwest College of Art'),(2000,b'1','Pacific Oaks College'),(2001,b'1','Pacific Union College'),(2002,b'1','Pacific University'),(2003,b'1','Paier College of Art'),(2004,b'1','Paine College'),(2005,b'1','Pakistan Institute of Engineering & Applied Science'),(2006,b'1','Palacky University Olomouc'),(2007,b'1','Palm Beach Atlantic University'),(2008,b'1','Palm Beach State College'),(2009,b'1','Palmer College of Chiropractic'),(2010,b'1','Palmer College of Chiropractic West'),(2011,b'1','Pamukkale University'),(2012,b'1','Panjab University'),(2013,b'1','Paracelsus Private Medical University'),(2014,b'1','Park College'),(2015,b'1','Parsons School of Design'),(2016,b'1','Paul Quinn College'),(2017,b'1','Peace College'),(2018,b'1','Pebble Hills University'),(2019,b'1','Peking University'),(2020,b'1','Penn State University'),(2021,b'1','Pennsylvania Academy of the Fine Arts'),(2022,b'1','Pennsylvania College of Optometry'),(2023,b'1','Pennsylvania Institute of Technology'),(2024,b'1','Pennsylvania State University'),(2025,b'1','Pennsylvania State University - Abington'),(2026,b'1','Pennsylvania State University - Altoona'),(2027,b'1','Pennsylvania State University at Erie - Behrend College'),(2028,b'1','Pennsylvania State University at Harrisburg - The Capital College'),(2029,b'1','Pennsylvania State University - Berks-Lehigh Valley College'),(2030,b'1','Pennsylvania State University Delaware County'),(2031,b'1','Pennsylvania State University Great Valley'),(2032,b'1','Pennsylvania State University - Lehigh Valley'),(2033,b'1','Pennsylvania State University - Milton S.Hershey Medical Center'),(2034,b'1','Pennsylvania State University - Schuylkill'),(2035,b'1','Peoples Friendship University of Russia'),(2036,b'1','Pepperdine University'),(2037,b'1','Peru State College'),(2038,b'1','Pfeiffer University'),(2039,b'1','Philadelphia College of Bible'),(2040,b'1','Philadelphia College of Osteopathic Medicine'),(2041,b'1','Philadelphia University'),(2042,b'1','Philander Smith College'),(2043,b'1','Philipps University Marburg'),(2044,b'1','Phillips Graduate Institute'),(2045,b'1','Phillips University'),(2046,b'1','Phramongkutklao College of Medicine'),(2047,b'1','Piedmont Baptist College'),(2048,b'1','Piedmont College'),(2049,b'1','Pierre & Marie Curie University - Paris 6'),(2050,b'1','Pierre Mendes-France University - Grenoble II'),(2051,b'1','Pikeville College'),(2052,b'1','Pillsbury Baptist Bible College'),(2053,b'1','Pittsburg State University'),(2054,b'1','Pitzer College'),(2055,b'1','Plovdiv University'),(2056,b'1','Plymouth State College'),(2057,b'1','Pochon Cha University'),(2058,b'1','Point Loma Nazarene College'),(2059,b'1','Point Park College'),(2060,b'1','Polytechnic Institute of Lisbon'),(2061,b'1','Polytechnic Institute of Porto'),(2062,b'1','Polytechnic University'),(2063,b'1','Polytechnic University Long Island Campus'),(2064,b'1','Polytechnic University of Bucharest'),(2065,b'1','Polytechnic University of Catalonia'),(2066,b'1','Polytechnic University of Madrid'),(2067,b'1','Polytechnic University of Milan'),(2068,b'1','Polytechnic University of Timisoara'),(2069,b'1','Polytechnic University of Turin'),(2070,b'1','Polytechnic University of Valencia'),(2071,b'1','Polytechnic University Westchester Graduate Center'),(2072,b'1','Polytechnique Montreal'),(2073,b'1','Pomona College'),(2074,b'1','Pompeu Fabra University'),(2075,b'1','Pondicherry University'),(2076,b'1','Pontifical Catholic University of Peru'),(2077,b'1','Pontifical University of Javeriana'),(2078,b'1','Pontificia Universidad Catolica de Chile'),(2079,b'1','Pontificia Universidad Catolica de Valparaiso'),(2080,b'1','Pontificia Universidade Catolica do Parana'),(2081,b'1','Pontificia Universidade Catolica do Rio de Janeiro'),(2082,b'1','Pontificia Universidade Catolica Do Rio Grande Do Sul'),(2083,b'1','Portland Community College'),(2084,b'1','Portland State University'),(2085,b'1','Post University of Waterbury'),(2086,b'1','Poznan University of Life Sciences'),(2087,b'1','Poznan University of Medical Sciences'),(2088,b'1','Poznan University of Technology'),(2089,b'1','Prairie View Agricultural and Mechanical University'),(2090,b'1','Pratt Institute'),(2091,b'1','Presbyterian College'),(2092,b'1','Prescott College'),(2093,b'1','Prescott College Center for Indian Bilingual Teacher Education'),(2094,b'1','Preston University'),(2095,b'1','Prince Songkla University'),(2096,b'1','Princeton University'),(2097,b'1','Principia College'),(2098,b'1','Providence College'),(2099,b'1','Providence University - Taiwan'),(2100,b'1','Puget Sound Christian College'),(2101,b'1','Pukyong National University'),(2102,b'1','Punjabi University'),(2103,b'1','Purdue University'),(2104,b'1','Purdue University Calumet'),(2105,b'1','Purdue University North Central'),(2106,b'1','Pusan National University'),(2107,b'1','Putra University Malaysia'),(2108,b'1','Qassim University'),(2109,b'1','Qingdao Technology University'),(2110,b'1','Qingdao University'),(2111,b'1','Qingdao University of Science & Technology'),(2112,b'1','Quaid I Azam University'),(2113,b'1','Quantum-Veritas International University'),(2114,b'1','Queen Mary University London'),(2115,b'1','Queens College'),(2116,b'1','Queens College NY (CUNY)'),(2117,b'1','Queensland University of Technology'),(2118,b'1','Queens University Belfast'),(2119,b'1','Queens University - Canada'),(2120,b'1','Qufu Normal University'),(2121,b'1','Quincy University'),(2122,b'1','Quinnipiac College'),(2123,b'1','Radboud University Nijmegen'),(2124,b'1','Radford University'),(2125,b'1','Ramapo College of New Jersey'),(2126,b'1','Rand Graduate School of Policy Studies'),(2127,b'1','Randolph-Macon College'),(2128,b'1','Randolph-Macon Woman\'s College'),(2129,b'1','Rasmussen College'),(2130,b'1','Rasmussen College Florida Campuses'),(2131,b'1','Rasmussen College Illinois Campuses'),(2132,b'1','Rasmussen College Minnesota Campuses'),(2133,b'1','Rasmussen College North Dakota Campuses'),(2134,b'1','Rasmussen College Wisconsin Campuses'),(2135,b'1','Reed College'),(2136,b'1','Reformed Bible College'),(2137,b'1','Regent International University'),(2138,b'1','Regent University'),(2139,b'1','Regis College'),(2140,b'1','Regis University'),(2141,b'1','Reinhardt College'),(2142,b'1','Renmin University of China'),(2143,b'1','Rensselaer Polytechnic Institute'),(2144,b'1','Research College of Nursing - Rockhurst University'),(2145,b'1','Reykjavik University'),(2146,b'1','Rhode Island College'),(2147,b'1','Rhode Island School of Design'),(2148,b'1','Rhodes College'),(2149,b'1','Rhodes University'),(2150,b'1','Rice University'),(2151,b'1','Richard Stockton College of New Jersey'),(2152,b'1','Rider University'),(2153,b'1','Riga Stradins University'),(2154,b'1','Riga Technical University'),(2155,b'1','Rikkyo University'),(2156,b'1','Ringling College of Art and Design'),(2157,b'1','Ripon College'),(2158,b'1','Ritsumeikan University'),(2159,b'1','Rivier College'),(2160,b'1','Roanoke Bible College'),(2161,b'1','Roanoke College'),(2162,b'1','Robert Gordon University'),(2163,b'1','Robert Morris College'),(2164,b'1','Robert Morris College of Chicago'),(2165,b'1','Roberts Wesleyan College'),(2166,b'1','Rochester College'),(2167,b'1','Rochester Institute of Technology'),(2168,b'1','Rockefeller University'),(2169,b'1','Rockford College'),(2170,b'1','Rockhurst College'),(2171,b'1','Rock Valley College'),(2172,b'1','Rocky Mountain College'),(2173,b'1','Rocky Mountain College of Art and Design'),(2174,b'1','Roehampton University'),(2175,b'1','Rogers State University'),(2176,b'1','Roger Williams University'),(2177,b'1','Rollins College'),(2178,b'1','Roma Tre University'),(2179,b'1','Roosevelt University'),(2180,b'1','Rose-Hulman Institute of Technology'),(2181,b'1','Rosemont College'),(2182,b'1','Roskilde University'),(2183,b'1','Ross University School of Medicine'),(2184,b'1','Rowan University'),(2185,b'1','Royal College of Surgeons - Ireland'),(2186,b'1','Royal Holloway University London'),(2187,b'1','Royal Institute of Technology'),(2188,b'1','Royal Melbourne Institute of Technology (RMIT)'),(2189,b'1','Royal Military College - Canada'),(2190,b'1','Ruhr University Bochum'),(2191,b'1','Ruprecht Karl University Heidelberg'),(2192,b'1','Rush University'),(2193,b'1','Russel Sage College'),(2194,b'1','Rust College'),(2195,b'1','Rutgers State University'),(2196,b'1','Rutgers State University Camden'),(2197,b'1','Rutgers State University Medical Center'),(2198,b'1','Rutgers State University Newark'),(2199,b'1','RWTH Aachen University'),(2200,b'1','Ryerson University'),(2201,b'1','Rzeszow University of Technology'),(2202,b'1','Saarland University'),(2203,b'1','Sabanci University'),(2204,b'1','Sacred Heart University'),(2205,b'1','Saga University'),(2206,b'1','Sage Graduate School'),(2207,b'1','Saginaw Valley State University'),(2208,b'1','Saint Francis Xavier University - Canada'),(2209,b'1','Saint Johns University'),(2210,b'1','Saint Louis University'),(2211,b'1','Saint Marianna University'),(2212,b'1','Saint Marys University - Canada'),(2213,b'1','Saint Petersburg State Polytechnic University'),(2214,b'1','Saint Petersburg State University'),(2215,b'1','Saint Petersburg State University of Information Technologies Mechanics and Optics'),(2216,b'1','Saitama Medical University'),(2217,b'1','Saitama University'),(2218,b'1','Sakarya University'),(2219,b'1','Salem College'),(2220,b'1','Salem International University'),(2221,b'1','Salem State College'),(2222,b'1','Salem Teikyo University'),(2223,b'1','Salisbury State University'),(2224,b'1','Salve Regina University'),(2225,b'1','Salzburg University'),(2226,b'1','Samford University'),(2227,b'1','Sam Houston State University'),(2228,b'1','Samuel Merritt College'),(2229,b'1','Sanaa University'),(2230,b'1','San Diego State University'),(2231,b'1','San Diego University for Integrative Studies'),(2232,b'1','Sanford-Brown Institute'),(2233,b'1','San Francisco Art Institute'),(2234,b'1','San Francisco Conservatory of Music'),(2235,b'1','San Francisco State University'),(2236,b'1','Sang Myung University'),(2237,b'1','San Joaquin College of Law'),(2238,b'1','San Jose Christian College'),(2239,b'1','San Jose State University'),(2240,b'1','San Pablo CEU University'),(2241,b'1','Santa Clara University'),(2242,b'1','Sapienza University Rome'),(2243,b'1','Sapporo Medical University'),(2244,b'1','Sarah Lawrence College'),(2245,b'1','Saratov State University'),(2246,b'1','Sardar Patel University'),(2247,b'1','Savannah College of Art and Design'),(2248,b'1','Savannah State University'),(2249,b'1','Saybrook Institute'),(2250,b'1','Schiller International University'),(2251,b'1','Scholl College of Podiatric Medicine'),(2252,b'1','School for International Training'),(2253,b'1','School of the Museum of Fine Arts'),(2254,b'1','School of the Visual Arts'),(2255,b'1','Schreiner College'),(2256,b'1','Scripps College'),(2257,b'1','Scuola Normale Superiore di Pisa'),(2258,b'1','Seattle Pacific University'),(2259,b'1','Seattle University'),(2260,b'1','Sechenov Moscow Medical Academy'),(2261,b'1','Seconda Universita degli Studi di Napoli'),(2262,b'1','Second Military Medical University'),(2263,b'1','Sejong University'),(2264,b'1','Selcuk University'),(2265,b'1','Semmelweis University'),(2266,b'1','Seoul National University'),(2267,b'1','Seton Hall University'),(2268,b'1','Seton Hill College'),(2269,b'1','Shaanxi Normal University'),(2270,b'1','Shaanxi University of Science & Technology'),(2271,b'1','Shahid Beheshti University Medical Sciences'),(2272,b'1','Shandong Agricultural University'),(2273,b'1','Shandong Normal University'),(2274,b'1','Shandong Polytechnic University'),(2275,b'1','Shandong University'),(2276,b'1','Shandong University of Science & Technology'),(2277,b'1','Shanghai Jiao Tong University'),(2278,b'1','Shanghai Normal University'),(2279,b'1','Shanghai University'),(2280,b'1','Shanghai University of Science & Technology'),(2281,b'1','Shanghai University of Traditional Chinese Medicine & Pharmacology'),(2282,b'1','Shantou University'),(2283,b'1','Shanxi Medical University'),(2284,b'1','Shanxi Normal University'),(2285,b'1','Shanxi University'),(2286,b'1','Sharif University of Technology'),(2287,b'1','Shawnee Community College'),(2288,b'1','Shawnee State University'),(2289,b'1','Shaw University'),(2290,b'1','Sheffield Hallam University'),(2291,b'1','Sheldon Jackson College'),(2292,b'1','Shenandoah University'),(2293,b'1','Shenyang Pharmaceutical University'),(2294,b'1','Shenyang University of Technology'),(2295,b'1','Shenzhen University'),(2296,b'1','Shepherd College'),(2297,b'1','Sherman College of Straight Chiropractic'),(2298,b'1','Shibaura Institute of Technology'),(2299,b'1','Shiga University of Medical Science'),(2300,b'1','Shihezi University'),(2301,b'1','Shimane University'),(2302,b'1','Shimer College'),(2303,b'1','Shinshu University'),(2304,b'1','Shippensburg University of Pennsylvania'),(2305,b'1','Shivaji University'),(2306,b'1','Shizuoka University'),(2307,b'1','Shoreline Community College'),(2308,b'1','Shorter College'),(2309,b'1','Showa Pharmaceutical University'),(2310,b'1','Showa University'),(2311,b'1','Siberian Federal University'),(2312,b'1','Sichuan Agricultural University'),(2313,b'1','Sichuan Normal University'),(2314,b'1','Sichuan University'),(2315,b'1','Siena College'),(2316,b'1','Siena Heights University'),(2317,b'1','Sierra Nevada College'),(2318,b'1','Silesian University of Technology'),(2319,b'1','Silpakorn University'),(2320,b'1','Silver Lake College'),(2321,b'1','Simmons College'),(2322,b'1','Simon Bolivar University'),(2323,b'1','Simon Fraser University'),(2324,b'1','Simon\'s Rock College'),(2325,b'1','Simpson College'),(2326,b'1','Simpson College Iowa'),(2327,b'1','Singapore Management University'),(2328,b'1','Sinte Gleska University'),(2329,b'1','Skadron College'),(2330,b'1','Skidmore College'),(2331,b'1','Slippery Rock University'),(2332,b'1','Slovak University of Agriculture Nitra'),(2333,b'1','Slovak University of Technology Bratislava'),(2334,b'1','Smith College'),(2335,b'1','Sodertorn University College'),(2336,b'1','Sogang University'),(2337,b'1','Sojo University'),(2338,b'1','Sojourner-Douglass College'),(2339,b'1','Soka University of America'),(2340,b'1','Sokoine University of Agriculture'),(2341,b'1','Sonoma State University'),(2342,b'1','Soochow University'),(2343,b'1','Sookmyung Womens University'),(2344,b'1','Soonchunhyang University'),(2345,b'1','Soongsil University'),(2346,b'1','Sophia University'),(2347,b'1','South Carolina State University'),(2348,b'1','South China Agricultural University'),(2349,b'1','South China Normal University'),(2350,b'1','South China University of Technology'),(2351,b'1','South Dakota School of Mines and Technology'),(2352,b'1','South Dakota State University'),(2353,b'1','Southeastern Baptist College'),(2354,b'1','Southeastern Bible College'),(2355,b'1','Southeastern College of the Assemblies of God'),(2356,b'1','Southeastern Louisiana University'),(2357,b'1','Southeastern Oklahoma State University'),(2358,b'1','Southeastern University'),(2359,b'1','Southeast Missouri State University'),(2360,b'1','Southeast University - China'),(2361,b'1','Southern Adventist University'),(2362,b'1','Southern Arkansas University'),(2363,b'1','Southern California College'),(2364,b'1','Southern California College of Optometry'),(2365,b'1','Southern California Institute of Architecture'),(2366,b'1','Southern College of Optometry'),(2367,b'1','Southern Connecticut State University'),(2368,b'1','Southern Cross University'),(2369,b'1','Southern Federal University'),(2370,b'1','Southern Illinois University'),(2371,b'1','Southern Illinois University at Carbondale'),(2372,b'1','Southern Illinois University at Edwardsville'),(2373,b'1','Southern Illinois University Edwardsville'),(2374,b'1','Southern Medical University - China'),(2375,b'1','Southern Methodist University'),(2376,b'1','Southern Nazarene University'),(2377,b'1','Southern Oregon University'),(2378,b'1','Southern Polytechnic State Univerisity'),(2379,b'1','Southern University - Baton Rouge'),(2380,b'1','Southern University Baton Rouge'),(2381,b'1','Southern University - New Orleans'),(2382,b'1','Southern University - Shreveport'),(2383,b'1','Southern Utah University'),(2384,b'1','Southern Valley University'),(2385,b'1','Southern Vermont College'),(2386,b'1','Southern Wesleyan University'),(2387,b'1','South Florida Bible College & Theological Seminary'),(2388,b'1','South Texas College of Law'),(2389,b'1','Southwest Baptist University'),(2390,b'1','Southwestern Adventist University'),(2391,b'1','Southwestern Assemblies of God University'),(2392,b'1','Southwestern Baptist Theological Seminary'),(2393,b'1','Southwestern Christian College'),(2394,b'1','Southwestern Christian University'),(2395,b'1','Southwestern College'),(2396,b'1','Southwestern College Kansas'),(2397,b'1','Southwestern College Santa Fe'),(2398,b'1','Southwestern Oklahoma State University'),(2399,b'1','Southwestern University'),(2400,b'1','South Western University of Finance & Economics - China'),(2401,b'1','Southwestern University School of Law'),(2402,b'1','Southwest Jiaotong University'),(2403,b'1','Southwest Missouri State University'),(2404,b'1','Southwest Missouri State University - West Plains'),(2405,b'1','Southwest State University'),(2406,b'1','Southwest Texas State University'),(2407,b'1','Southwest University'),(2408,b'1','Southwest University - China'),(2409,b'1','Southwest University of Science & Technology - China'),(2410,b'1','Spalding University'),(2411,b'1','Spelman College'),(2412,b'1','Spertus Institute of Jewish Studies'),(2413,b'1','Spring Arbor College'),(2414,b'1','Springfield College'),(2415,b'1','Spring Hill College'),(2416,b'1','Srinakharinwirot University'),(2417,b'1','Sri Venkateswara University'),(2418,b'1','Staffordshire University'),(2419,b'1','St. Ambrose University'),(2420,b'1','Standford Online University'),(2421,b'1','Standford University'),(2422,b'1','St. Andrews Presbyterian College'),(2423,b'1','Stanford University'),(2424,b'1','St. Anselm College'),(2425,b'1','St. Anthony College of Nursing'),(2426,b'1','State University of New York at Albany'),(2427,b'1','State University of New York at Binghamton'),(2428,b'1','State University of New York at Buffalo'),(2429,b'1','State University of New York at New Paltz'),(2430,b'1','State University of New York at Oswego'),(2431,b'1','State University of New York at Stony Brook'),(2432,b'1','State University of New York College at Brockport'),(2433,b'1','State University of New York College at Cortland'),(2434,b'1','State University of New York College at Fredonia'),(2435,b'1','State University of New York College at Geneseo'),(2436,b'1','State University of New York College at Old Westbury'),(2437,b'1','State University of New York College at Oneonta'),(2438,b'1','State University of New York College at Plattsburgh'),(2439,b'1','State University of New York College at Potsdam'),(2440,b'1','State University of New York College at Purchase'),(2441,b'1','State University of New York College of Agriculture and Technology at Cobleskill'),(2442,b'1','State University of New York College of Environmental Science and Forestry'),(2443,b'1','State University of New York College of Optometry'),(2444,b'1','State University of New York College of Technology at Alfred'),(2445,b'1','State University of New York College of Technology at Farmingdale'),(2446,b'1','State University of New York Downstate Medical Center'),(2447,b'1','State University of New York Empire State College'),(2448,b'1','State University of New York Health Sience Centre Syracuse'),(2449,b'1','State University of New York Institute of Technology at Utica/Rome'),(2450,b'1','State University of New York Maritime College'),(2451,b'1','State University of New York School of Engineering and Applied Sciences'),(2452,b'1','State University of New York (SUNY)'),(2453,b'1','State University of New York (SUNY) Albany'),(2454,b'1','State University of New York (SUNY) Binghamton'),(2455,b'1','State University of New York (SUNY) Buffalo'),(2456,b'1','State University of New York (SUNY) College of Environmental Science & Forestry'),(2457,b'1','State University of New York (SUNY) Stony Brook'),(2458,b'1','State University of New York Upstate Medical University'),(2459,b'1','State University of West Georgia'),(2460,b'1','St. Augustine\'s College North Carolina'),(2461,b'1','St. Bernard\'s Institute'),(2462,b'1','St. Bonaventure University'),(2463,b'1','St. Cloud State University'),(2464,b'1','St. Edwards University'),(2465,b'1','Stefan University'),(2466,b'1','Stellenbosch University'),(2467,b'1','Stephen F. Austin State University'),(2468,b'1','Stephens College'),(2469,b'1','Sterling College'),(2470,b'1','Stetson University'),(2471,b'1','Stevens Institute of Technology'),(2472,b'1','St. Francis College Brooklyn Heights'),(2473,b'1','St. Francis College Fort Wayne'),(2474,b'1','St. Francis College Loretto'),(2475,b'1','St. Francis Medical Center College of Nursing'),(2476,b'1','St. George\'s University'),(2477,b'1','St Georges University London'),(2478,b'1','Stillman College'),(2479,b'1','St. John Fisher College'),(2480,b'1','St. John\'s College Maryland'),(2481,b'1','St. John\'s College New Mexico'),(2482,b'1','St. John\'s Seminary'),(2483,b'1','St. John\'s University'),(2484,b'1','St. Joseph College'),(2485,b'1','St. Joseph College of Nursing'),(2486,b'1','St. Joseph\'s College'),(2487,b'1','St. Joseph\'s College New York'),(2488,b'1','St. Joseph\'s College New York Suffolk Campus'),(2489,b'1','St. Joseph\'s College of Maine'),(2490,b'1','St. Joseph\'s University'),(2491,b'1','St. Lawrence University'),(2492,b'1','St. Leo College'),(2493,b'1','St. Louis Christian College'),(2494,b'1','St. Louis College of Pharmacy'),(2495,b'1','St. Louis University'),(2496,b'1','St. Luke\'s College'),(2497,b'1','St. Martin\'s College'),(2498,b'1','St. Mary College'),(2499,b'1','St. Mary-of-the-Woods College'),(2500,b'1','St. Mary\'s College Indiana'),(2501,b'1','St. Mary\'s College of California'),(2502,b'1','St. Mary\'s College of Maryland'),(2503,b'1','St. Mary\'s University of Minnesota'),(2504,b'1','St. Mary\'s University of San Antonio'),(2505,b'1','St. Meinrad College'),(2506,b'1','St. Michael\'s College'),(2507,b'1','St. Norbert College'),(2508,b'1','Stockholm School of Economics'),(2509,b'1','Stockholm University'),(2510,b'1','St. Olaf College'),(2511,b'1','Stonehill College'),(2512,b'1','St. Paul\'s College'),(2513,b'1','St Petersburg Academic University'),(2514,b'1','St. Peter\'s College'),(2515,b'1','Strayer University'),(2516,b'1','St. Thomas Aquinas College'),(2517,b'1','St. Thomas University'),(2518,b'1','St. Vincent College'),(2519,b'1','St. Xavier University'),(2520,b'1','Suffolk University'),(2521,b'1','Suleyman Demirel University'),(2522,b'1','Sullivan College'),(2523,b'1','Sul Ross State University'),(2524,b'1','Sultan Qaboos University'),(2525,b'1','Sunchon National University'),(2526,b'1','Sungkyunkwan University'),(2527,b'1','Sunshine Coast University'),(2528,b'1','Sun Yat Sen University'),(2529,b'1','Suranaree University of Technology'),(2530,b'1','Susquehanna University'),(2531,b'1','Suzhou University'),(2532,b'1','Swansea University'),(2533,b'1','Swarthmore College'),(2534,b'1','Swedish University of Agricultural Sciences'),(2535,b'1','Sweet Briar College'),(2536,b'1','Swinburne University of Technology'),(2537,b'1','Swiss Federal Institute of Technology Zurich'),(2538,b'1','Syracuse University'),(2539,b'1','Szeged University'),(2540,b'1','Szent Istvan University'),(2541,b'1','Tabor College'),(2542,b'1','Taipei Medical University'),(2543,b'1','Taiyuan University of Technology'),(2544,b'1','Talladega College'),(2545,b'1','Tallinn University of Technology'),(2546,b'1','Tamkang University'),(2547,b'1','Tampere University of Technology'),(2548,b'1','Taras Shevchenko National University Kiev'),(2549,b'1','Tarleton State University'),(2550,b'1','Tatung University'),(2551,b'1','Taylor University'),(2552,b'1','Taylor University Fort Wayne Campus'),(2553,b'1','Teachers College Columbia University'),(2554,b'1','Technical University Czestochowa'),(2555,b'1','Technical University Freiberg'),(2556,b'1','Technical University Kosice'),(2557,b'1','Technical University Liberec'),(2558,b'1','Technical University Lodz'),(2559,b'1','Technical University of Berlin'),(2560,b'1','Technical University of Cluj Napoca'),(2561,b'1','Technical University of Crete'),(2562,b'1','Technical University of Denmark'),(2563,b'1','Technical University of Dresden'),(2564,b'1','Technical University of Munich'),(2565,b'1','Technical University Ostrava'),(2566,b'1','Technion Israel Institute of Technology'),(2567,b'1','Technology Education Institute Crete'),(2568,b'1','Tehran University of Medical Sciences'),(2569,b'1','Teikyo University'),(2570,b'1','Tel Aviv University'),(2571,b'1','Temple University'),(2572,b'1','Temple University School of Podiatric Medicine'),(2573,b'1','Tennessee State University'),(2574,b'1','Tennessee Technological University'),(2575,b'1','Tennessee Temple University'),(2576,b'1','Tennessee Wesleyan College'),(2577,b'1','Texas A&M International University'),(2578,b'1','Texas A&M University'),(2579,b'1','Texas A&M University - Commerce'),(2580,b'1','Texas A&M University - Corpus Christi'),(2581,b'1','Texas A&M University - Galveston'),(2582,b'1','Texas A&M University - Kingsville'),(2583,b'1','Texas A&M University - Texarkana'),(2584,b'1','Texas A&M University College Station'),(2585,b'1','Texas A&M University Kingsville'),(2586,b'1','Texas A&M University Qatar'),(2587,b'1','Texas Chiropractic College'),(2588,b'1','Texas Christian University'),(2589,b'1','Texas College'),(2590,b'1','Texas College of Osteopathic Medicine'),(2591,b'1','Texas Lutheran University'),(2592,b'1','Texas Southern University'),(2593,b'1','Texas State University San Marcos'),(2594,b'1','Texas Tech University'),(2595,b'1','Texas Tech University Health Science Center'),(2596,b'1','Texas Wesleyan University'),(2597,b'1','Texas Woman\'s University'),(2598,b'1','Tezpur University'),(2599,b'1','Thammasat University'),(2600,b'1','Thapar University'),(2601,b'1','The American College'),(2602,b'1','The Art Institute of Boston'),(2603,b'1','The Art Institutes International Portland'),(2604,b'1','The Art Institutes International San Francisco'),(2605,b'1','The Boston Conservatory'),(2606,b'1','The Catholic University of America'),(2607,b'1','The Chicago School of Professional Psychology'),(2608,b'1','The College of Insurance'),(2609,b'1','The College of New Jersey'),(2610,b'1','The College of Santa Fe'),(2611,b'1','The College of St. Scholastica'),(2612,b'1','The College of Westchester'),(2613,b'1','The College of Wooster'),(2614,b'1','The Cooper Union for the Advancement of Science and Art'),(2615,b'1','The Corcoran College of Art'),(2616,b'1','The Curtis Institute of Music'),(2617,b'1','The Defiance College'),(2618,b'1','The Dickinson School of Law'),(2619,b'1','The Illinois Institute of Art-Chicago'),(2620,b'1','The Johns Hopkins University'),(2621,b'1','The Juilliard School'),(2622,b'1','The Leadership Institute of Seattle'),(2623,b'1','The Maryland Institute College of Art'),(2624,b'1','The Master\'s College'),(2625,b'1','The McGregor School of Antioch University'),(2626,b'1','The Naropa Institute'),(2627,b'1','The New School'),(2628,b'1','The Rockefeller University'),(2629,b'1','The School of the Art Institute of Chicago'),(2630,b'1','The Scripps Research Institute'),(2631,b'1','The Southern Christian University'),(2632,b'1','The Tulane University of New Orleans'),(2633,b'1','The Union Institute'),(2634,b'1','Thiel College'),(2635,b'1','Third Military Medical University'),(2636,b'1','Thomas A. Edison State College'),(2637,b'1','Thomas Aquinas College'),(2638,b'1','Thomas College Maine'),(2639,b'1','Thomas Jefferson University'),(2640,b'1','Thomas More College'),(2641,b'1','Thomas More College of Liberal Arts'),(2642,b'1','Thomas University'),(2643,b'1','Tianjin Medical University'),(2644,b'1','Tianjin Normal University'),(2645,b'1','Tianjin Polytechnic University'),(2646,b'1','Tianjin University'),(2647,b'1','Tianjin University of Technology'),(2648,b'1','Tiffin University'),(2649,b'1','Tilburg University'),(2650,b'1','TOBB Ekonomi ve Teknoloji University'),(2651,b'1','Toccoa Falls College'),(2652,b'1','Tohoku Pharmaceutical University'),(2653,b'1','Tohoku University'),(2654,b'1','Toho University'),(2655,b'1','Tokai University'),(2656,b'1','Tokushima Bunri University'),(2657,b'1','Tokyo City University'),(2658,b'1','Tokyo Denki University'),(2659,b'1','Tokyo Dental College'),(2660,b'1','Tokyo Gakugei University'),(2661,b'1','Tokyo Institute of Technology'),(2662,b'1','Tokyo Medical & Dental University'),(2663,b'1','Tokyo Medical University'),(2664,b'1','Tokyo Metropolitan University'),(2665,b'1','Tokyo University of Agriculture'),(2666,b'1','Tokyo University of Agriculture & Technology'),(2667,b'1','Tokyo University of Marine Science & Technology'),(2668,b'1','Tokyo University of Pharmacy & Life Sciences'),(2669,b'1','Tokyo University of Science'),(2670,b'1','Tokyo Womens Medical University'),(2671,b'1','Tomas Bata University Zlin'),(2672,b'1','Tomball College'),(2673,b'1','Tomsk Polytechnic University'),(2674,b'1','Tomsk State University'),(2675,b'1','Tongji University'),(2676,b'1','Tottori University'),(2677,b'1','Tougaloo College'),(2678,b'1','Toulouse School of Economics'),(2679,b'1','Touro College'),(2680,b'1','Touro University'),(2681,b'1','Towson University'),(2682,b'1','Toyama University'),(2683,b'1','Toyohashi University of Technology'),(2684,b'1','Toyota Technology Institute'),(2685,b'1','Trakya University'),(2686,b'1','Transylvania University'),(2687,b'1','Transylvania University of Brasov'),(2688,b'1','Trent University'),(2689,b'1','Trevecca Nazarene University'),(2690,b'1','Tri-College University'),(2691,b'1','Trident University'),(2692,b'1','Trinity Bible College'),(2693,b'1','Trinity Christian College'),(2694,b'1','Trinity College Connecticut'),(2695,b'1','Trinity College Dublin'),(2696,b'1','Trinity College of Florida'),(2697,b'1','Trinity College of Vermont'),(2698,b'1','Trinity International University'),(2699,b'1','Trinity International University (Excel) Miami'),(2700,b'1','Trinity University'),(2701,b'1','Tri-State University'),(2702,b'1','Triton College'),(2703,b'1','Troy University'),(2704,b'1','Troy University Dothan'),(2705,b'1','Troy University Montgomery'),(2706,b'1','Troy University Phenix City'),(2707,b'1','Troy University Troy'),(2708,b'1','Truman College'),(2709,b'1','Truman State University'),(2710,b'1','Tshwane University of Technology'),(2711,b'1','Tsing Hua University'),(2712,b'1','TU Clausthal'),(2713,b'1','Tufts University'),(2714,b'1','Tui Online University'),(2715,b'1','Tulane University'),(2716,b'1','Tunghai University'),(2717,b'1','Tuscia University'),(2718,b'1','Tusculum College'),(2719,b'1','Tuskegee University'),(2720,b'1','Tzu Chi University'),(2721,b'1','UHI Millennium Institute'),(2722,b'1','UiT The Arctic University of Tromso'),(2723,b'1','Ulsan National University of Science & Technology'),(2724,b'1','Uludag University'),(2725,b'1','Umea University'),(2726,b'1','Uniformed Services Universty of the Health Sciences'),(2727,b'1','Union College'),(2728,b'1','Union College Kentucky'),(2729,b'1','Union College Nebraska'),(2730,b'1','Union Theological Seminary (UTS)'),(2731,b'1','Union University'),(2732,b'1','United Arab Emirates University'),(2733,b'1','United States Air Force Academy'),(2734,b'1','United States Coast Guard Academy'),(2735,b'1','United States International University'),(2736,b'1','United States Merchant Marine Academy'),(2737,b'1','United States Military Academy'),(2738,b'1','United States Naval Academy'),(2739,b'1','United States Sports Academy'),(2740,b'1','Unity College'),(2741,b'1','Universidad Andres Bello'),(2742,b'1','Universidad Austral de Chile'),(2743,b'1','Universidad Catolica del Norte'),(2744,b'1','Universidad de Alcala'),(2745,b'1','Universidad de Almeria'),(2746,b'1','Universidad de Antofagasta'),(2747,b'1','Universidad de Burgos'),(2748,b'1','Universidad de Cadiz'),(2749,b'1','Universidad de Cantabria'),(2750,b'1','Universidad de Castilla-La Mancha'),(2751,b'1','Universidad de Chile'),(2752,b'1','Universidad de Concepcion'),(2753,b'1','Universidad de Cordoba'),(2754,b'1','Universidad de Extremadura'),(2755,b'1','Universidad de Huelva'),(2756,b'1','Universidad de Jaen'),(2757,b'1','Universidad de La Frontera'),(2758,b'1','Universidad de la Laguna'),(2759,b'1','Universidad de La Rioja'),(2760,b'1','Universidad de La Serena'),(2761,b'1','Universidad de Las Palmas de Gran Canaria'),(2762,b'1','Universidad del Bio-Bio'),(2763,b'1','Universidad de Leon'),(2764,b'1','Universidad de Malaga'),(2765,b'1','Universidad de Santiago de Chile'),(2766,b'1','Universidad de Talca'),(2767,b'1','Universidad de Tarapaca'),(2768,b'1','Universidad de Valladolid'),(2769,b'1','Universidad de Valparaiso'),(2770,b'1','Universidade Catolica de Brasilia'),(2771,b'1','Universidade Catolica Portuguesa'),(2772,b'1','Universidade da Coruna'),(2773,b'1','Universidade de Aveiro'),(2774,b'1','Universidade de Brasilia'),(2775,b'1','Universidade de Coimbra'),(2776,b'1','Universidade de Lisboa'),(2777,b'1','Universidade de Sao Paulo'),(2778,b'1','Universidade do Algarve'),(2779,b'1','Universidade do Estado do Rio de Janeiro'),(2780,b'1','Universidade do Minho'),(2781,b'1','Universidade do Porto'),(2782,b'1','Universidade Estadual de Campinas'),(2783,b'1','Universidade Estadual de Maringa'),(2784,b'1','Universidade Estadual Paulista'),(2785,b'1','Universidade Federal da Bahia'),(2786,b'1','Universidade Federal da Paraiba'),(2787,b'1','Universidade Federal de Alagoas'),(2788,b'1','Universidade Federal de Campina Grande'),(2789,b'1','Universidade Federal de Goias'),(2790,b'1','Universidade Federal de Lavras'),(2791,b'1','Universidade Federal de Minas Gerais'),(2792,b'1','Universidade Federal de Ouro Preto'),(2793,b'1','Universidade Federal de Pelotas'),(2794,b'1','Universidade Federal de Pernambuco'),(2795,b'1','Universidade Federal de Santa Catarina (UFSC)'),(2796,b'1','Universidade Federal de Santa Maria (UFSM)'),(2797,b'1','Universidade Federal de Sao Carlos'),(2798,b'1','Universidade Federal de Sao Paulo (UNIFESP)'),(2799,b'1','Universidade Federal de Uberlandia'),(2800,b'1','Universidade Federal de Vicosa'),(2801,b'1','Universidade Federal do ABC (UFABC)'),(2802,b'1','Universidade Federal do Ceara'),(2803,b'1','Universidade Federal do Parana'),(2804,b'1','Universidade Federal do Rio de Janeiro'),(2805,b'1','Universidade Federal do Rio Grande do Norte'),(2806,b'1','Universidade Federal do Rio Grande do Sul'),(2807,b'1','Universidade Federal Fluminense'),(2808,b'1','Universidade Federal Rural do Rio de Janeiro (UFRRJ)'),(2809,b'1','Universidade Nova de Lisboa'),(2810,b'1','Universidade Presbiteriana Mackenzie'),(2811,b'1','Universidad Miguel Hernandez de Elche'),(2812,b'1','Universidad Nacional de Colombia'),(2813,b'1','Universidad Nacional Educacion a Distancia'),(2814,b'1','Universidad Pablo de Olavide'),(2815,b'1','Universidad Politecnica de Cartagena'),(2816,b'1','Universidad Publica de Navarra'),(2817,b'1','Universidad Rey Juan Carlos'),(2818,b'1','Universidad Tecnica Federico Santa Maria'),(2819,b'1','Universita degli studi di Roma Foro Italico'),(2820,b'1','Universita Mediterranea di Reggio Calabria'),(2821,b'1','Universitat d\'Alacant'),(2822,b'1','Universitat de Girona'),(2823,b'1','Universitat de les Illes Balears'),(2824,b'1','Universitat de Lleida'),(2825,b'1','Universitat Jaume I'),(2826,b'1','Universitat Ramon Llull'),(2827,b'1','Universitat Rovira i Virgili'),(2828,b'1','Universite Bordeaux 1'),(2829,b'1','Universite Bordeaux Segalen - Bordeaux II'),(2830,b'1','Universite Catholique Louvain'),(2831,b'1','Universite d\'Avignon et des Pays de Vaucluse'),(2832,b'1','Universite de la Mediterranee - Aix-Marseille II'),(2833,b'1','Universite de Provence - Aix-Marseille I'),(2834,b'1','Universite de Tunis'),(2835,b'1','Universite de Valenciennes et du Hainaut-Cambresis'),(2836,b'1','Universite d\'Evry-Val-d\'Essonne'),(2837,b'1','Universite Michel de Montaigne - Bordeaux 3'),(2838,b'1','Universite Montesquieu - Bordeaux IV'),(2839,b'1','Universite Nice Sophia Antipolis'),(2840,b'1','Universite Paris-Est Marne-la-Vallee'),(2841,b'1','Universite Paul Cezanne - Aix-Marseille III'),(2842,b'1','Universite Paul-Valery Montpellier 3'),(2843,b'1','Universiti Kebangsaan Malaysia'),(2844,b'1','Universiti Malaya'),(2845,b'1','Universiti Malaysia Sabah'),(2846,b'1','Universiti Sains Malaysia'),(2847,b'1','Universiti Teknologi Malaysia'),(2848,b'1','Universiti Teknologi MARA'),(2849,b'1','Universiti Teknologi Petronas'),(2850,b'1','University Campus Bio-Medico - Rome Italy'),(2851,b'1','University Cheikh Anta Diop Dakar'),(2852,b'1','University College Cork'),(2853,b'1','University College Dublin'),(2854,b'1','University College London'),(2855,b'1','University Desarrollo'),(2856,b'1','University Djillali Liabes Sidi Bel Abbes'),(2857,b'1','University Habana'),(2858,b'1','University Hawaii Hilo'),(2859,b'1','University Hohenheim'),(2860,b'1','University Incheon'),(2861,b'1','University Libre Brussels'),(2862,b'1','University Malaysia Pahang'),(2863,b'1','University Massachusetts Dartmouth'),(2864,b'1','University Michoacana'),(2865,b'1','University of Aberdeen'),(2866,b'1','University of Abertay Dundee'),(2867,b'1','University of Adelaide'),(2868,b'1','University of Advancing Technology (UAT)'),(2869,b'1','University of Aegean'),(2870,b'1','University of Agricltural Sciences & Veterinary Medicine Cluj Napoca'),(2871,b'1','University of Agriculture Faisalabad'),(2872,b'1','University of Aix-Marseille'),(2873,b'1','University of Akron'),(2874,b'1','University of Alabama Birmingham'),(2875,b'1','University of Alabama - Birmingham'),(2876,b'1','University of Alabama Huntsville'),(2877,b'1','University of Alabama - Huntsville'),(2878,b'1','University of Alabama Tuscaloosa'),(2879,b'1','University of Alabama - Tuscaloosa'),(2880,b'1','University of Alanta'),(2881,b'1','University of Alaska Anchorage'),(2882,b'1','University of Alaska - Anchorage'),(2883,b'1','University of Alaska Fairbanks'),(2884,b'1','University of Alaska - Fairbanks'),(2885,b'1','University of Alaska - Southeast'),(2886,b'1','University of Alaska (System)'),(2887,b'1','University of Alberta'),(2888,b'1','University of Allahabad'),(2889,b'1','University of Amsterdam'),(2890,b'1','University of Angers'),(2891,b'1','University of Antwerp'),(2892,b'1','University of Applied Sciences & Arts Western Switzerland'),(2893,b'1','University of Aquila'),(2894,b'1','University of Arizona'),(2895,b'1','University of Arkansas at Fayetteville'),(2896,b'1','University of Arkansas at Little Rock'),(2897,b'1','University of Arkansas at Monticello'),(2898,b'1','University of Arkansas at Pine Bluff'),(2899,b'1','University of Arkansas Fayetteville'),(2900,b'1','University of Arkansas for Medical Sciences'),(2901,b'1','University of Arkansas Little Rock'),(2902,b'1','University of Arkansas Medical Sciences'),(2903,b'1','University of Arkansas (System)'),(2904,b'1','University of Artois'),(2905,b'1','University of Athens'),(2906,b'1','University of Auckland'),(2907,b'1','University of Augsburg'),(2908,b'1','University of Auvergne'),(2909,b'1','University of Babes Bolyai'),(2910,b'1','University of Bahrain'),(2911,b'1','University of Baltimore'),(2912,b'1','University of Barcelona'),(2913,b'1','University of Bari'),(2914,b'1','University of Basel'),(2915,b'1','University of Basilicata'),(2916,b'1','University of Basque Country'),(2917,b'1','University of Bath'),(2918,b'1','University of Bayreuth'),(2919,b'1','University of Bedfordshire'),(2920,b'1','University of Beira Interior'),(2921,b'1','University of Belgrade'),(2922,b'1','University of Bergamo'),(2923,b'1','University of Bergen'),(2924,b'1','University of Bern'),(2925,b'1','University of Bialystok'),(2926,b'1','University of Bielefeld'),(2927,b'1','University of Birmingham'),(2928,b'1','University of Bodenkultur Wien'),(2929,b'1','University of Bologna'),(2930,b'1','University of Bolton'),(2931,b'1','University of Bonn'),(2932,b'1','University of Botswana'),(2933,b'1','University of Bourgogne - Dijon'),(2934,b'1','University of Bradford'),(2935,b'1','University of Bremen'),(2936,b'1','University of Brescia'),(2937,b'1','University of Bridgeport'),(2938,b'1','University of Brighton'),(2939,b'1','University of Bristol'),(2940,b'1','University of British Columbia'),(2941,b'1','University of Bucharest'),(2942,b'1','University of Buenos Aires'),(2943,b'1','University of Burdwan'),(2944,b'1','University of Caen'),(2945,b'1','University of Ca Foscari Venezia'),(2946,b'1','University of Cagliari'),(2947,b'1','University of Calabria'),(2948,b'1','University of Calcutta'),(2949,b'1','University of Calgary'),(2950,b'1','University of California Berkeley'),(2951,b'1','University of California Davis'),(2952,b'1','University of California Hastings College of Law'),(2953,b'1','University of California Irvine'),(2954,b'1','University of California Los Angeles'),(2955,b'1','University of California Merced'),(2956,b'1','University of California Oakland'),(2957,b'1','University of California Riverside'),(2958,b'1','University of California San Diego'),(2959,b'1','University of California San Francisco'),(2960,b'1','University of California Santa Barbara'),(2961,b'1','University of California Santa Cruz'),(2962,b'1','University of California System'),(2963,b'1','University of Cambridge'),(2964,b'1','University of Camerino'),(2965,b'1','University of Canberra'),(2966,b'1','University of Canterbury'),(2967,b'1','University of Cape Town'),(2968,b'1','University of Carlos III Madrid'),(2969,b'1','University of Carthage'),(2970,b'1','University of Cassino'),(2971,b'1','University of Catania'),(2972,b'1','University of Central Arkansas'),(2973,b'1','University of Central Florida'),(2974,b'1','University of Central Lancashire'),(2975,b'1','University of Central Missouri'),(2976,b'1','University of Central Oklahoma'),(2977,b'1','University of Central Texas'),(2978,b'1','University of Central Venezuela'),(2979,b'1','University of Cergy - Pontoise'),(2980,b'1','University of Charleston'),(2981,b'1','University of Charleston South Carolina'),(2982,b'1','University of Chemical Technology & Metallurgy - Bulgaria'),(2983,b'1','University of Chester'),(2984,b'1','University of Chicago'),(2985,b'1','University of Cincinnati'),(2986,b'1','University of Claude Bernard - Lyon 1'),(2987,b'1','University of Colima'),(2988,b'1','University of Cologne'),(2989,b'1','University of Colombo'),(2990,b'1','University of Colorado at Boulder'),(2991,b'1','University of Colorado at Colorado Springs'),(2992,b'1','University of Colorado at Denver'),(2993,b'1','University of Colorado Boulder'),(2994,b'1','University of Colorado Denver'),(2995,b'1','University of Colorado Health Sciences Center'),(2996,b'1','University of Connecticut'),(2997,b'1','University of Connecticut at Avery Point'),(2998,b'1','University of Connecticut at Hartford'),(2999,b'1','University of Connecticut at Stamford'),(3000,b'1','University of Connecticut at Waterbury'),(3001,b'1','University of Connecticut Health Center'),(3002,b'1','University of Copenhagen'),(3003,b'1','University of Costa Rica'),(3004,b'1','University of Craiova'),(3005,b'1','University of Crete'),(3006,b'1','University of Cyprus'),(3007,b'1','University of Dallas'),(3008,b'1','University of Dar es Salaam'),(3009,b'1','University of Dayton'),(3010,b'1','University of Debrecen'),(3011,b'1','University of Delaware'),(3012,b'1','University of Delhi'),(3013,b'1','University of Del Norte'),(3014,b'1','University of Denver'),(3015,b'1','University of Derby'),(3016,b'1','University of Detroit Mercy'),(3017,b'1','University of Deusto'),(3018,b'1','University of Dubuque'),(3019,b'1','University of Duisburg Essen'),(3020,b'1','University of Dundee'),(3021,b'1','University of East Anglia'),(3022,b'1','University of Eastern Finland'),(3023,b'1','University of Eastern Piedmont Amedeo Avogadro'),(3024,b'1','University of East London'),(3025,b'1','University of Economics - Prague'),(3026,b'1','University of Edinburgh'),(3027,b'1','University of Electro-Communications - Japan'),(3028,b'1','University of Electronic Science & Technology - China'),(3029,b'1','University of Engineering & Technology Lahore'),(3030,b'1','University of Erlangen Nuremberg'),(3031,b'1','University of Essex'),(3032,b'1','University of Evansville'),(3033,b'1','University of Evora'),(3034,b'1','University of Exeter'),(3035,b'1','University of Ferrara'),(3036,b'1','University of Findlay'),(3037,b'1','University of Florence'),(3038,b'1','University of Florida'),(3039,b'1','University of Foggia'),(3040,b'1','University of Fort Hare'),(3041,b'1','University of Francois Rabelais - Tours'),(3042,b'1','University of Freiburg'),(3043,b'1','University of Fribourg'),(3044,b'1','University of Fukui'),(3045,b'1','University of Gdansk'),(3046,b'1','University of Geneva'),(3047,b'1','University of Genoa'),(3048,b'1','University of Georgia'),(3049,b'1','University of Ghana'),(3050,b'1','University of Glamorgan'),(3051,b'1','University of Glasgow'),(3052,b'1','University of Gloucestershire'),(3053,b'1','University of Gothenburg'),(3054,b'1','University of Gottingen'),(3055,b'1','University of Granada'),(3056,b'1','University of Graz'),(3057,b'1','University of Great Falls'),(3058,b'1','University of Greenwich'),(3059,b'1','University of Groningen'),(3060,b'1','University of Guadalajara'),(3061,b'1','University of Guelph'),(3062,b'1','University of Haifa'),(3063,b'1','University of Hamburg'),(3064,b'1','University of Hannover'),(3065,b'1','University of Hartford'),(3066,b'1','University of Haute Bretagne - Rennes 2'),(3067,b'1','University of Hawaii - Hilo'),(3068,b'1','University of Hawaii Manoa'),(3069,b'1','University of Hawaii - Manoa'),(3070,b'1','University Of Hawaii - System'),(3071,b'1','University of Hawaii - West Oahu'),(3072,b'1','University of Health Sciences'),(3073,b'1','University of Helsinki'),(3074,b'1','University of Henri Poincare - Nancy I'),(3075,b'1','University of Hertfordshire'),(3076,b'1','University of Hong Kong'),(3077,b'1','University of Houston'),(3078,b'1','University of Houston Clear Lake'),(3079,b'1','University of Houston Downtown'),(3080,b'1','University of Houston Victoria'),(3081,b'1','University of Huddersfield'),(3082,b'1','University of Hull'),(3083,b'1','University of Hyderabad'),(3084,b'1','University of Hyogo'),(3085,b'1','University of Ibadan'),(3086,b'1','University of Iceland'),(3087,b'1','University of Idaho'),(3088,b'1','University of Illinois'),(3089,b'1','University of Illinois at Chicago'),(3090,b'1','University of Illinois at Springfield'),(3091,b'1','University of Illinois at Urbana-Champaign'),(3092,b'1','University of Illinois Chicago'),(3093,b'1','University of Illinois Peoria'),(3094,b'1','University of Illinois Urbana-Champaign'),(3095,b'1','University of Ilorin'),(3096,b'1','University of Indianapolis'),(3097,b'1','University of Indonesia'),(3098,b'1','University of Innsbruck'),(3099,b'1','University of Insubria'),(3100,b'1','University of International Business & Economics'),(3101,b'1','University of Ioannina'),(3102,b'1','University of Iowa'),(3103,b'1','University of Jammu'),(3104,b'1','University of Jan Evangelista Purkyne'),(3105,b'1','University of Jinan'),(3106,b'1','University of JJ Strossmayer Osijek'),(3107,b'1','University of Johannesburg'),(3108,b'1','University of Jordan'),(3109,b'1','University of Jyvaskyla'),(3110,b'1','University of Kaiserslautern'),(3111,b'1','University of Kansas'),(3112,b'1','University of Kansas Medical Center'),(3113,b'1','University of Karachi'),(3114,b'1','University of Kashmir'),(3115,b'1','University of Kent'),(3116,b'1','University of Kentucky'),(3117,b'1','University of Kerala'),(3118,b'1','University of Khartoum'),(3119,b'1','University of Kiel'),(3120,b'1','University of Klagenfurt'),(3121,b'1','University of Konstanz'),(3122,b'1','University of Kwazulu Natal'),(3123,b'1','University of Lagos'),(3124,b'1','University of La Reunion'),(3125,b'1','University of La Rochelle'),(3126,b'1','University of Latvia'),(3127,b'1','University of Lausanne'),(3128,b'1','University of Laval'),(3129,b'1','University of La Verne'),(3130,b'1','University of Leeds'),(3131,b'1','University of Le Havre'),(3132,b'1','University of Leicester'),(3133,b'1','University of Leipzig'),(3134,b'1','University of Le Mirail - Toulouse II'),(3135,b'1','University of Leoben'),(3136,b'1','University of Lethbridge'),(3137,b'1','University of Liege'),(3138,b'1','University of Lille I'),(3139,b'1','University of Lille II'),(3140,b'1','University of Limerick'),(3141,b'1','University of Limoges'),(3142,b'1','University of Limpopo'),(3143,b'1','University of Lincoln'),(3144,b'1','University of Littoral'),(3145,b'1','University of Liverpool'),(3146,b'1','University of Ljubljana'),(3147,b'1','University of Lodz'),(3148,b'1','University of London Institute of Education'),(3149,b'1','University of London Royal Veterinary College'),(3150,b'1','University of London School Oriental & African Studies (SOAS)'),(3151,b'1','University of Lorraine'),(3152,b'1','University of Los Andes Venezuela'),(3153,b'1','University of Louisiana at Lafayette'),(3154,b'1','University of Louisiana at Monroe'),(3155,b'1','University of Louisiana Lafayette'),(3156,b'1','University of Louisiana Monroe'),(3157,b'1','University of Louisville'),(3158,b'1','University of Lubeck'),(3159,b'1','University of Lugano'),(3160,b'1','University of Lumiere - Lyon II'),(3161,b'1','University of Luxembourg'),(3162,b'1','University of Macau'),(3163,b'1','University of Madras'),(3164,b'1','University of Maine'),(3165,b'1','University of Maine Augusta'),(3166,b'1','University of Maine Farmington'),(3167,b'1','University of Maine Fort Kent'),(3168,b'1','University of Maine - Le Mans'),(3169,b'1','University of Maine Machias'),(3170,b'1','University of Maine Orono'),(3171,b'1','University of Maine Presque Isle'),(3172,b'1','University of Maine (System)'),(3173,b'1','University of Malawi'),(3174,b'1','University of Malaysia Perlis'),(3175,b'1','University of Malaysia Sarawak'),(3176,b'1','University of Malaysia Terengganu'),(3177,b'1','University of Management & Technology'),(3178,b'1','University of Manchester'),(3179,b'1','University of Manitoba'),(3180,b'1','University of Mannheim'),(3181,b'1','University of Manouba'),(3182,b'1','University of Maribor'),(3183,b'1','University of Marrakech Cadi Ayyad'),(3184,b'1','University of Mary'),(3185,b'1','University of Mary Hardin-Baylor'),(3186,b'1','University of Maryland at Baltimore'),(3187,b'1','University of Maryland at College Park'),(3188,b'1','University of Maryland Baltimore'),(3189,b'1','University of Maryland Baltimore County'),(3190,b'1','University of Maryland College Park'),(3191,b'1','University of Maryland Eastern Shore'),(3192,b'1','University of Maryland Medicine'),(3193,b'1','University of Maryland (System)'),(3194,b'1','University of Maryland University College'),(3195,b'1','University of Massachusetts Amherst'),(3196,b'1','University of Massachusetts at Amherst'),(3197,b'1','University of Massachusetts at Boston'),(3198,b'1','University of Massachusetts at Dartmouth'),(3199,b'1','University of Massachusetts at Lowell'),(3200,b'1','University of Massachusetts Boston'),(3201,b'1','University of Massachusetts Lowell'),(3202,b'1','University of Massachusetts Medical Center at Worcester'),(3203,b'1','University of Massachusetts (System)'),(3204,b'1','University of Massachusetts Worcester'),(3205,b'1','University of Medicine and Dentistry of New Jersey'),(3206,b'1','University of Medicine & Dentistry New Jersey'),(3207,b'1','University of Melbourne'),(3208,b'1','University of Memphis'),(3209,b'1','University of Messina'),(3210,b'1','University of Metz'),(3211,b'1','University of Miami'),(3212,b'1','University of Michigan'),(3213,b'1','University of Michigan - Ann Arbor'),(3214,b'1','University of Michigan - Dearborn'),(3215,b'1','University of Michigan - Flint'),(3216,b'1','University of Milan'),(3217,b'1','University of Milano-Bicocca'),(3218,b'1','University of Minnesota - Crookston'),(3219,b'1','University of Minnesota Duluth'),(3220,b'1','University of Minnesota - Duluth'),(3221,b'1','University of Minnesota - Morris'),(3222,b'1','University of Minnesota Twin Cities'),(3223,b'1','University of Minnesota - Twin Cities Campus'),(3224,b'1','University of Miskolc'),(3225,b'1','University of Mississippi'),(3226,b'1','University of Mississippi Medical Center'),(3227,b'1','University of Missouri Columbia'),(3228,b'1','University of Missouri - Columbia'),(3229,b'1','University of Missouri - Kansas City'),(3230,b'1','University of Missouri Kansas City'),(3231,b'1','University of Missouri - Saint Louis'),(3232,b'1','University of Missouri Saint Louis'),(3233,b'1','University of Miyazaki'),(3234,b'1','University of Mobile'),(3235,b'1','University of Modena & Reggio Emilia'),(3236,b'1','University of Molise'),(3237,b'1','University of Monastir'),(3238,b'1','University of Moncton'),(3239,b'1','University of Mons'),(3240,b'1','University of Montana'),(3241,b'1','University of Montana Western'),(3242,b'1','University of Montevallo'),(3243,b'1','University of Montpellier I'),(3244,b'1','University of Montpellier II'),(3245,b'1','University of Montreal'),(3246,b'1','University of Mumbai'),(3247,b'1','University of Munich'),(3248,b'1','University of Munster'),(3249,b'1','University of Murcia'),(3250,b'1','University of Mysore'),(3251,b'1','University of Nairobi'),(3252,b'1','University of Namur'),(3253,b'1','University of Nanterre - Paris X'),(3254,b'1','University of Nantes'),(3255,b'1','University of Naples Federico II'),(3256,b'1','University of Navarra'),(3257,b'1','University of Nebraska - Kearney'),(3258,b'1','University of Nebraska Lincoln'),(3259,b'1','University of Nebraska - Lincoln'),(3260,b'1','University of Nebraska Medical Center'),(3261,b'1','University of Nebraska Omaha'),(3262,b'1','University of Nebraska - Omaha'),(3263,b'1','University of Nebraska (System)'),(3264,b'1','University of Neuchatel'),(3265,b'1','University of Nevada - Las Vegas'),(3266,b'1','University of Nevada Las Vegas'),(3267,b'1','University of Nevada Reno'),(3268,b'1','University of Nevada - Reno'),(3269,b'1','University of New Brunswick'),(3270,b'1','University of Newcastle'),(3271,b'1','University of New England'),(3272,b'1','University of New England Westbrook College Campus'),(3273,b'1','University of New Hampshire'),(3274,b'1','University of New Hampshire - Manchester'),(3275,b'1','University of New Haven'),(3276,b'1','University of New Mexico'),(3277,b'1','University of New Orleans'),(3278,b'1','University of New South Wales'),(3279,b'1','University of Nigeria'),(3280,b'1','University of North Alabama'),(3281,b'1','University of North America'),(3282,b'1','University of Northampton'),(3283,b'1','University of North British Columbia'),(3284,b'1','University of North Carolina at Asheville'),(3285,b'1','University of North Carolina at Chapel Hill'),(3286,b'1','University of North Carolina at Charlotte'),(3287,b'1','University of North Carolina at Greensboro'),(3288,b'1','University of North Carolina at Pembroke'),(3289,b'1','University of North Carolina at Wilmington'),(3290,b'1','University of North Carolina Chapel Hill'),(3291,b'1','University of North Carolina Charlotte'),(3292,b'1','University of North Carolina Greensboro'),(3293,b'1','University of North Carolina Wilmington'),(3294,b'1','University of North Dakota'),(3295,b'1','University of North Dakota Grand Forks'),(3296,b'1','University of Northern Colorado'),(3297,b'1','University of Northern Iowa'),(3298,b'1','University of Northern Virginia'),(3299,b'1','University of Northern Washington'),(3300,b'1','University of North Florida'),(3301,b'1','University of North Texas'),(3302,b'1','University of North Texas Denton'),(3303,b'1','University of North Texas Health Science Center at Fort Worth'),(3304,b'1','University of NorthWest'),(3305,b'1','University of Notre Dame'),(3306,b'1','University of Notre Dame Australia'),(3307,b'1','University of Nottingham'),(3308,b'1','University of Nottingham Malaysia'),(3309,b'1','University of Nova Gorica'),(3310,b'1','University of Occupational & Environmental Health - Japan'),(3311,b'1','University of Oklahoma'),(3312,b'1','University of Oklahoma Health Sciences Center'),(3313,b'1','University of Ontario Institute Technology'),(3314,b'1','University of Opole'),(3315,b'1','University of Oradea'),(3316,b'1','University of Oregon'),(3317,b'1','University of Orleans'),(3318,b'1','University of Oslo'),(3319,b'1','University of Osteopathic Medicine and Health Science'),(3320,b'1','University of Ostrava'),(3321,b'1','University of Otago'),(3322,b'1','University of Ottawa'),(3323,b'1','University of Oulu'),(3324,b'1','University of Oviedo'),(3325,b'1','University of Oxford'),(3326,b'1','University of Padua'),(3327,b'1','University of Palermo - Italy'),(3328,b'1','University of Pannonia'),(3329,b'1','University of Pantheon Sorbonne - Paris I'),(3330,b'1','University of Pardubice'),(3331,b'1','University of Paris 8 Vincennes-Saint-Denis'),(3332,b'1','University of Paris Dauphine - Paris IX'),(3333,b'1','University of Paris Descartes - Paris V'),(3334,b'1','University of Paris Diderot - Paris VII'),(3335,b'1','University of Paris-Est Creteil'),(3336,b'1','University of Paris Nord - Paris XIII'),(3337,b'1','University of Paris Sorbonne - Paris IV'),(3338,b'1','University of Paris Sud - Paris XI'),(3339,b'1','University of Parma'),(3340,b'1','University of Patras'),(3341,b'1','University of Paul Sabatier - Toulouse III'),(3342,b'1','University of Pau & Pays Adour'),(3343,b'1','University of Pavia'),(3344,b'1','University of Pavol Jozef Safarik Kosice'),(3345,b'1','University of Pecs'),(3346,b'1','University of Peloponnese'),(3347,b'1','University of Pennsylvania'),(3348,b'1','University of Peradeniya'),(3349,b'1','University of Perpignan Via Domitia'),(3350,b'1','University of Perubatan Antarabangsa'),(3351,b'1','University of Perugia'),(3352,b'1','University of Peshawar'),(3353,b'1','University of Phoenix'),(3354,b'1','University of Picardie-Jules-Verne'),(3355,b'1','University of Piraeus'),(3356,b'1','University of Pisa'),(3357,b'1','University of Pittsburgh'),(3358,b'1','University of Pittsburgh at Bradford'),(3359,b'1','University of Pittsburgh at Greensburg'),(3360,b'1','University of Pittsburgh at Johnstown'),(3361,b'1','University of Plymouth'),(3362,b'1','University of Poitiers'),(3363,b'1','University of Portland'),(3364,b'1','University of Portsmouth'),(3365,b'1','University of Potsdam'),(3366,b'1','University of Pretoria'),(3367,b'1','University of Primorska'),(3368,b'1','University of Prince Edward Island'),(3369,b'1','University of Puerto Rico Mayaguez'),(3370,b'1','University of Puerto Rico Rio Piedras'),(3371,b'1','University of Puget Sound'),(3372,b'1','University of Pune'),(3373,b'1','University of Punjab'),(3374,b'1','University of Qatar'),(3375,b'1','University of Quebec'),(3376,b'1','University of Quebec Chicoutimi'),(3377,b'1','University of Quebec Montreal'),(3378,b'1','University of Quebec Trois Rivieres'),(3379,b'1','University of Queensland'),(3380,b'1','University of Reading'),(3381,b'1','University of Redlands'),(3382,b'1','University of Regensburg'),(3383,b'1','University of Regina'),(3384,b'1','University of Reims Champagne-Ardenne'),(3385,b'1','University of Rennes 1'),(3386,b'1','University of Rhode Island'),(3387,b'1','University of Richmond'),(3388,b'1','University of Rijeka'),(3389,b'1','University of Rio Grande'),(3390,b'1','University of Rochester'),(3391,b'1','University of Rome Tor Vergata'),(3392,b'1','University of Rostock'),(3393,b'1','University of Rouen'),(3394,b'1','University of Ryukyus'),(3395,b'1','University of Rzeszow'),(3396,b'1','University of Salamanca'),(3397,b'1','University of Salento'),(3398,b'1','University of Salerno'),(3399,b'1','University of Salford'),(3400,b'1','University of San Diego'),(3401,b'1','University of San Francisco'),(3402,b'1','University of Sannio'),(3403,b'1','University of Santiago De Compostela'),(3404,b'1','University of Sargodha'),(3405,b'1','University of Saskatchewan'),(3406,b'1','University of Sassari'),(3407,b'1','University of Savoie'),(3408,b'1','University of Science and Arts of Oklahoma'),(3409,b'1','University of Sciences Sociales - Toulouse I'),(3410,b'1','University of Science & Technology - Beijing'),(3411,b'1','University of Science & Technology - China'),(3412,b'1','University of Scranton'),(3413,b'1','University of Seoul'),(3414,b'1','University of Sevilla'),(3415,b'1','University of Sfax'),(3416,b'1','University of Sharjah'),(3417,b'1','University of Sheffield'),(3418,b'1','University of Sherbrooke'),(3419,b'1','University of Shizuoka'),(3420,b'1','University of Siena'),(3421,b'1','University of Silesia'),(3422,b'1','University of Sindh'),(3423,b'1','University of Sioux Falls'),(3424,b'1','University of Skovde'),(3425,b'1','University of Sofia'),(3426,b'1','University of Sonora'),(3427,b'1','University of Sousse'),(3428,b'1','University of South Africa'),(3429,b'1','University of South Alabama'),(3430,b'1','University of Southampton'),(3431,b'1','University of South Australia'),(3432,b'1','University of South Bohemia Ceske Budejovice'),(3433,b'1','University of South Carolina'),(3434,b'1','University of South Carolina - Aiken'),(3435,b'1','University of South Carolina - Beaufort'),(3436,b'1','University of South Carolina Columbia'),(3437,b'1','University of South Carolina - Lancaster'),(3438,b'1','University of South Carolina - Salkehatchie'),(3439,b'1','University of South Carolina - Spartanburg'),(3440,b'1','University of South Carolina - Sumter'),(3441,b'1','University of South Carolina - Union'),(3442,b'1','University of South Dakota'),(3443,b'1','University of Southern Bretagne'),(3444,b'1','University of Southern California'),(3445,b'1','University of Southern Denmark'),(3446,b'1','University of Southern Indiana'),(3447,b'1','University of Southern Maine'),(3448,b'1','University of Southern Mississippi'),(3449,b'1','University of Southern Queensland'),(3450,b'1','University of South Florida'),(3451,b'1','University of Split'),(3452,b'1','University of St Andrews'),(3453,b'1','University of Stendhal - Grenoble III'),(3454,b'1','University of St. Francis'),(3455,b'1','University of St Gallen'),(3456,b'1','University of Stirling'),(3457,b'1','University of Strasbourg'),(3458,b'1','University of Strathclyde'),(3459,b'1','University of St. Thomas Houston'),(3460,b'1','University of St Thomas Minnesota'),(3461,b'1','University of St. Thomas St. Paul'),(3462,b'1','University of Stuttgart'),(3463,b'1','University of Sud Toulon-Var'),(3464,b'1','University of Surrey'),(3465,b'1','University of Sussex'),(3466,b'1','University of Sydney'),(3467,b'1','University of Szczecin'),(3468,b'1','University of Tabriz'),(3469,b'1','University of Tampa'),(3470,b'1','University of Tampere'),(3471,b'1','University of Tartu'),(3472,b'1','University of Tasmania'),(3473,b'1','University of Technology of Compiegne'),(3474,b'1','University of Technology of Troyes'),(3475,b'1','University of Technology Sydney'),(3476,b'1','University of Teesside'),(3477,b'1','University of Tehran'),(3478,b'1','University of Tenaga Nasional'),(3479,b'1','University of Tennessee - Chattanooga'),(3480,b'1','University of Tennessee Knoxville'),(3481,b'1','University of Tennessee - Knoxville'),(3482,b'1','University of Tennessee - Martin'),(3483,b'1','University of Tennessee - Memphis'),(3484,b'1','University of Tennessee Space Institute'),(3485,b'1','University of Teramo'),(3486,b'1','University of Texas'),(3487,b'1','University of Texas Arlington'),(3488,b'1','University of Texas at Arlington'),(3489,b'1','University of Texas at Austin'),(3490,b'1','University of Texas at Brownsville'),(3491,b'1','University of Texas at Dallas'),(3492,b'1','University of Texas at El Paso'),(3493,b'1','University of Texas at San Antonio'),(3494,b'1','University of Texas at Tyler'),(3495,b'1','University of Texas Austin'),(3496,b'1','University of Texas Dallas'),(3497,b'1','University of Texas El Paso'),(3498,b'1','University of Texas Health Center at Houston'),(3499,b'1','University of Texas Health Center at Tyler'),(3500,b'1','University of Texas Health Science Center at San Antonio'),(3501,b'1','University of Texas M.D. Anderson Cancer Center'),(3502,b'1','University of Texas Medical Branch Galveston'),(3503,b'1','University of Texas of the Permian Basin'),(3504,b'1','University of Texas Pan American'),(3505,b'1','University of Texas San Antonio'),(3506,b'1','University of Texas School Public Health'),(3507,b'1','University of Texas Southwestern Medical Center at Dallas'),(3508,b'1','University of the Andes Colombia'),(3509,b'1','University of the Arts'),(3510,b'1','University of the District of Columbia'),(3511,b'1','University of the Free State'),(3512,b'1','University of the Incarnate World'),(3513,b'1','University of the Ozarks'),(3514,b'1','University of the Pacific'),(3515,b'1','University of the Philippines Diliman'),(3516,b'1','University of the Philippines Los Banos'),(3517,b'1','University of the Philippines Manila'),(3518,b'1','University of the Republic - Uruguay'),(3519,b'1','University of the Sciences in Philadelphia'),(3520,b'1','University of the South'),(3521,b'1','University of the South Pacific'),(3522,b'1','University of the Southwest'),(3523,b'1','University of Thessaly'),(3524,b'1','University of the Western Cape'),(3525,b'1','University of the West Indies'),(3526,b'1','University of Tokushima'),(3527,b'1','University of Tokyo'),(3528,b'1','University of Toledo'),(3529,b'1','University of Toronto'),(3530,b'1','University of Tras-os-Montes & Alto Douro'),(3531,b'1','University of Trento'),(3532,b'1','University of Trieste'),(3533,b'1','University of Tromso'),(3534,b'1','University of Tsukuba'),(3535,b'1','University of Tulsa'),(3536,b'1','University of Tun Hussein Onn Malaysia'),(3537,b'1','University of Tunis El Manar'),(3538,b'1','University of Tunku Abdul Rahman'),(3539,b'1','University of Turin'),(3540,b'1','University of Turku'),(3541,b'1','University of Twente'),(3542,b'1','University of Udine'),(3543,b'1','University of Ulm'),(3544,b'1','University of Ulsan'),(3545,b'1','University of Ulster'),(3546,b'1','University of Urbino'),(3547,b'1','University of Utah'),(3548,b'1','University of Utrecht'),(3549,b'1','University of Valencia'),(3550,b'1','University of Vermont'),(3551,b'1','University of Verona'),(3552,b'1','University of Versailles Saint-Quentin-En-Yvelines'),(3553,b'1','University of Veterinary & Animal Science - Pakistan'),(3554,b'1','University of Veterinary Medicine Vienna'),(3555,b'1','University of Veterinary & Pharmaceutical Sciences - Brno'),(3556,b'1','University of Victoria'),(3557,b'1','University of Vienna'),(3558,b'1','University of Vigo'),(3559,b'1','University of Virginia'),(3560,b'1','University of Virginia College at Wise'),(3561,b'1','University of Waikato'),(3562,b'1','University of Warmia & Mazury'),(3563,b'1','University of Warsaw'),(3564,b'1','University of Warwick'),(3565,b'1','University of Washington'),(3566,b'1','University of Washington Seattle'),(3567,b'1','University of Washington Tacoma'),(3568,b'1','University of Waterloo'),(3569,b'1','University of West Alabama'),(3570,b'1','University of West Bohemia Pilsen'),(3571,b'1','University of West England'),(3572,b'1','University of Western Australia'),(3573,b'1','University of Western Brittany'),(3574,b'1','University of Western Macedonia'),(3575,b'1','University of Western Sydney'),(3576,b'1','University of West Florida'),(3577,b'1','University of West Los Angeles'),(3578,b'1','University of Westminster'),(3579,b'1','University of West Scotland'),(3580,b'1','University of Windsor'),(3581,b'1','University of Winnipeg'),(3582,b'1','University of Wisconsin - Eau Claire'),(3583,b'1','University of Wisconsin - Green Bay'),(3584,b'1','University of Wisconsin - La Crosse'),(3585,b'1','University of Wisconsin Madison'),(3586,b'1','University of Wisconsin - Madison'),(3587,b'1','University of Wisconsin Milwaukee'),(3588,b'1','University of Wisconsin - Milwaukee'),(3589,b'1','University of Wisconsin - Oshkosh'),(3590,b'1','University of Wisconsin - Parkside'),(3591,b'1','University of Wisconsin - Platteville'),(3592,b'1','University of Wisconsin - River Falls'),(3593,b'1','University of Wisconsin - Stevens Point'),(3594,b'1','University of Wisconsin - Stout'),(3595,b'1','University of Wisconsin - Superior'),(3596,b'1','University of Wisconsin - Whitewater'),(3597,b'1','University of Witwatersrand'),(3598,b'1','University of Wollongong'),(3599,b'1','University of Wolverhampton'),(3600,b'1','University of Wroclaw'),(3601,b'1','University of Wurzburg'),(3602,b'1','University of Wyoming'),(3603,b'1','University of Yamanashi'),(3604,b'1','University of Yaounde I'),(3605,b'1','University of York - UK'),(3606,b'1','University of Zagreb'),(3607,b'1','University of Zaragoza'),(3608,b'1','University of Zielona Gora'),(3609,b'1','University of Zimbabwe'),(3610,b'1','University of Zurich'),(3611,b'1','University Peruana Cayetano Heredia'),(3612,b'1','University Quebec Outaouais'),(3613,b'1','University Science & Technology Houari Boumediene'),(3614,b'1','University Shiga Prefecture'),(3615,b'1','Upper Iowa University'),(3616,b'1','Uppsala University'),(3617,b'1','Ural Federal University'),(3618,b'1','Urbana University'),(3619,b'1','Ursinus College'),(3620,b'1','Ursuline College'),(3621,b'1','Utah State University'),(3622,b'1','Utah Valley State College'),(3623,b'1','Utah Valley University'),(3624,b'1','Utica College'),(3625,b'1','Utsunomiya University'),(3626,b'1','Valdosta State University'),(3627,b'1','Valley City State University'),(3628,b'1','Valley Forge Christian College'),(3629,b'1','Valparaiso University'),(3630,b'1','Vanderbilt University'),(3631,b'1','VanderCook College of Music'),(3632,b'1','Vanguard University of Southern California'),(3633,b'1','Vassar College'),(3634,b'1','Vellore Institute of Technology'),(3635,b'1','Vennard College'),(3636,b'1','Vermont Law School'),(3637,b'1','Vermont Technical College'),(3638,b'1','Victoria University'),(3639,b'1','Victoria University Wellington'),(3640,b'1','Vienna University of Economics & Business'),(3641,b'1','Vienna University of Technology'),(3642,b'1','Vietnam National University'),(3643,b'1','Vietnam National University Hanoi'),(3644,b'1','Vietnam National University Hochiminh City'),(3645,b'1','Villa Julie College'),(3646,b'1','Villanova University'),(3647,b'1','Vilnius Gediminas Technical University'),(3648,b'1','Vilnius University'),(3649,b'1','Virginia College'),(3650,b'1','Virginia Commonwealth University'),(3651,b'1','Virginia Intermont College'),(3652,b'1','Virginia International University'),(3653,b'1','Virginia Military Institute'),(3654,b'1','Virginia Polytechnic Institute'),(3655,b'1','Virginia Polytechnic Institute and State University (Virginia Tech)'),(3656,b'1','Virginia State University'),(3657,b'1','Virginia Union University'),(3658,b'1','Virginia Wesleyan College'),(3659,b'1','Vita-Salute San Raffaele University'),(3660,b'1','Viterbo College'),(3661,b'1','VN Karazin Kharkiv National University'),(3662,b'1','Voorhees College'),(3663,b'1','Voronezh State University'),(3664,b'1','Vrije University of Brussels'),(3665,b'1','VU University Amsterdam'),(3666,b'1','Wabash College'),(3667,b'1','Wageningen University & Research Center'),(3668,b'1','Wagner College'),(3669,b'1','Wakayama Medical University'),(3670,b'1','Wake Forest University'),(3671,b'1','Wake Forest University School of Medicine'),(3672,b'1','Walden University'),(3673,b'1','Walla Walla College'),(3674,b'1','Walsh College of Accountancy and Business Administration'),(3675,b'1','Walsh University'),(3676,b'1','Warner Pacific College'),(3677,b'1','Warner Southern College'),(3678,b'1','Warren Wilson College'),(3679,b'1','Warsaw University Observatory'),(3680,b'1','Warsaw University of Life Sciences'),(3681,b'1','Warsaw University of Technology'),(3682,b'1','Wartburg College'),(3683,b'1','Waseda University'),(3684,b'1','Washburn University'),(3685,b'1','Washington and Lee University'),(3686,b'1','Washington Bible College'),(3687,b'1','Washington College'),(3688,b'1','Washington State University'),(3689,b'1','Washington State University Spokane'),(3690,b'1','Washington State University Tri-Cities'),(3691,b'1','Washington State University Vancouver'),(3692,b'1','Washington University'),(3693,b'1','Washington University in St. Louis'),(3694,b'1','Wayland Baptist University'),(3695,b'1','Waynesburg College'),(3696,b'1','Wayne State College'),(3697,b'1','Wayne State University'),(3698,b'1','Webber College'),(3699,b'1','Webb Institute'),(3700,b'1','Weber State University'),(3701,b'1','Webster University'),(3702,b'1','Webster University North Florida'),(3703,b'1','Weill Medical College of Cornell University'),(3704,b'1','Wellesley College'),(3705,b'1','Wells College'),(3706,b'1','Wentworth Institute of Technology'),(3707,b'1','Wenzhou Medical University'),(3708,b'1','Wenzhou University'),(3709,b'1','Wesleyan College'),(3710,b'1','Wesleyan University'),(3711,b'1','Wesley College'),(3712,b'1','Wesley College Mississippi'),(3713,b'1','Westbrook University'),(3714,b'1','West Chester University of Pennsylvania'),(3715,b'1','West Coast University'),(3716,b'1','Western Baptist College'),(3717,b'1','Western Bible College'),(3718,b'1','Western Carolina University'),(3719,b'1','Western Connecticut State University'),(3720,b'1','Western Governors University'),(3721,b'1','Western Illinois University'),(3722,b'1','Western International University'),(3723,b'1','Western Kentucky University'),(3724,b'1','Western Maryland College'),(3725,b'1','Western Michigan University'),(3726,b'1','Western New England College'),(3727,b'1','Western New Mexico University'),(3728,b'1','Western Oregon University'),(3729,b'1','Western State College'),(3730,b'1','Western States Chiropractic College'),(3731,b'1','Western State University College of Law'),(3732,b'1','Western State University College of Law - Orange County'),(3733,b'1','Western University - Canada'),(3734,b'1','Western Washington University'),(3735,b'1','Westfield State College'),(3736,b'1','West Liberty State College'),(3737,b'1','Westminster College Fulton'),(3738,b'1','Westminster College New Wilmington'),(3739,b'1','Westminster College of Salt Lake City'),(3740,b'1','Westmont College'),(3741,b'1','West Pomeranian University of Technology'),(3742,b'1','West Suburban College of Nursing'),(3743,b'1','West Texas A&M University'),(3744,b'1','West University of Timisoara'),(3745,b'1','West Virginia School of Osteopathic Medicine'),(3746,b'1','West Virginia State College'),(3747,b'1','West Virginia University'),(3748,b'1','West Virginia University Institute of Technology'),(3749,b'1','West Virginia Wesleyan College'),(3750,b'1','Westwood College'),(3751,b'1','Wheaton College Massachusetts'),(3752,b'1','Wheeling Jesuit University'),(3753,b'1','Wheelock College'),(3754,b'1','Whitman College'),(3755,b'1','Whittier College'),(3756,b'1','Whitworth College'),(3757,b'1','Wichita State University'),(3758,b'1','Widener University'),(3759,b'1','Wilberforce University'),(3760,b'1','Wilbur Wright College'),(3761,b'1','Wiley College'),(3762,b'1','Wilfrid Laurier University'),(3763,b'1','Wilkes University'),(3764,b'1','Willamette University'),(3765,b'1','William Carey College'),(3766,b'1','William Jewell College'),(3767,b'1','William Mitchell College of Law'),(3768,b'1','William Paterson University'),(3769,b'1','William Penn College'),(3770,b'1','Williams Baptist College'),(3771,b'1','Williams College'),(3772,b'1','William Tyndale College'),(3773,b'1','William Woods University'),(3774,b'1','Wilmington College'),(3775,b'1','Wilson College'),(3776,b'1','Wingate University'),(3777,b'1','Winona State University'),(3778,b'1','Winston-Salem State University'),(3779,b'1','Winthrop University'),(3780,b'1','Wisconsin Lutheran College'),(3781,b'1','Wisconsin School of Professional Psychology'),(3782,b'1','Wittenberg University'),(3783,b'1','Witten Herdecke University'),(3784,b'1','Wofford College'),(3785,b'1','Wonkwang University'),(3786,b'1','Woodbury University'),(3787,b'1','Worcester Polytechnic Institute'),(3788,b'1','Worcester State College'),(3789,b'1','Wright Institute'),(3790,b'1','Wright State University'),(3791,b'1','Wright State University Dayton'),(3792,b'1','Wroclaw University of Environmental & Life Sciences'),(3793,b'1','Wroclaw University of Technology'),(3794,b'1','Wuhan Institute of Technology'),(3795,b'1','Wuhan University'),(3796,b'1','Wuhan University of Science & Technology'),(3797,b'1','Wuhan University of Technology'),(3798,b'1','Xavier University'),(3799,b'1','Xavier University of Louisiana'),(3800,b'1','Xiamen University'),(3801,b'1','Xiangtan University'),(3802,b'1','Xian Jiaotong University'),(3803,b'1','Xian Technological University'),(3804,b'1','XiAn University of Architecture & Techology'),(3805,b'1','XiAn University of Science & Technology'),(3806,b'1','XiAn University of Technology'),(3807,b'1','Xidian University'),(3808,b'1','Xinjiang University'),(3809,b'1','Xuzhou Medical College'),(3810,b'1','Yakin Dogu University'),(3811,b'1','Yale University'),(3812,b'1','Yamagata University'),(3813,b'1','Yamaguchi University'),(3814,b'1','Yanbian University'),(3815,b'1','Yangzhou University'),(3816,b'1','Yanshan University'),(3817,b'1','Yantai University'),(3818,b'1','Yarmouk University'),(3819,b'1','Yeditepe University'),(3820,b'1','Yeshiva University'),(3821,b'1','Yeungnam University'),(3822,b'1','Yildiz Teknik University'),(3823,b'1','Yokohama City University'),(3824,b'1','Yokohama National University'),(3825,b'1','Yonsei University'),(3826,b'1','York College Nebraska'),(3827,b'1','York College of Pennsylvania'),(3828,b'1','Yorker International University'),(3829,b'1','York University'),(3830,b'1','York University - Canada'),(3831,b'1','Youngstown State University'),(3832,b'1','Yuan Ze University'),(3833,b'1','Yunnan Normal University'),(3834,b'1','Yunnan University'),(3835,b'1','Yuzuncu Yil University'),(3836,b'1','Zhejiang Gongshang University'),(3837,b'1','Zhejiang Normal University'),(3838,b'1','Zhejiang University'),(3839,b'1','Zhejiang University of Science & Technology'),(3840,b'1','Zhejiang University of Technology'),(3841,b'1','Zhengzhou University'),(3842,b'1','Zurich University of Applied Sciences');
INSERT INTO `PropertyDescriptor` (`id`, `defaultValue`, `name`, `type`) VALUES (-3,'23','numeric.property',1),(-2,'childValue','child.property',2),(-1,'parentValue','parent.property',2),(2,'DENIED_BY_DEFAULT','box.available',3),(3,'DENIED_BY_DEFAULT','dropbox.available',3),(4,'DENIED_BY_DEFAULT','googledrive.available',3),(5,'DENIED_BY_DEFAULT','onedrive.available',3),(6,'DENIED_BY_DEFAULT','mendeley.available',3),(7,'DENIED_BY_DEFAULT','chemistry.available',3),(9,'DENIED_BY_DEFAULT','box.linking.enabled',3),(10,'DENIED_BY_DEFAULT','dropbox.linking.enabled',3),(11,'DENIED_BY_DEFAULT','googledrive.linking.enabled',3),(12,'DENIED_BY_DEFAULT','onedrive.linking.enabled',3),(13,'DENIED_BY_DEFAULT','box.api.enabled',3),(14,'DENIED_BY_DEFAULT','slack.available',3),(15,'','SLACK_CHANNEL_NAME',2),(16,'','SLACK_TEAM_NAME',2),(17,'','SLACK_CHANNEL_LABEL',2),(18,'','SLACK_WEBHOOK_URL',2),(19,'DENIED_BY_DEFAULT','dataverse.available',3),(20,'','DATAVERSE_URL',2),(21,'','DATAVERSE_APIKEY',2),(22,'','DATAVERSE_ALIAS',2),(27,'DENIED_BY_DEFAULT','github.available',3),(28,'','GITHUB_REPOSITORY_FULL_NAME',2),(29,'','GITHUB_ACCESS_TOKEN',2),(30,'DENIED_BY_DEFAULT','orcid.available',3),(31,'','ORCID_ID',2),(32,'DENIED_BY_DEFAULT','figshare.available',3),(33,'DENIED_BY_DEFAULT','api.available',3),(35,'DENIED_BY_DEFAULT','pi_can_edit_all_work_in_labgroup',3),(36,'DENIED_BY_DEFAULT','egnyte.available',3),(37,'','EGNYTE_DOMAIN',2),(38,'DENIED_BY_DEFAULT','msteams.available',3),(39,'','MSTEAMS_CHANNEL_LABEL',2),(40,'','MSTEAMS_WEBHOOK_URL',2),(41,'','SLACK_TEAM_ID',2),(42,'','SLACK_USER_ID',2),(43,'','SLACK_CHANNEL_ID',2),(44,'','SLACK_USER_ACCESS_TOKEN',2),(45,'DENIED_BY_DEFAULT','onboarding.available',3),(52,'ALLOWED','protocols_io.available',3),(53,'','PROTOCOLS_IO_PUBLIC_ACCESS_TOKEN',2),(54,'ALLOWED','owncloud.available',3),(55,'ALLOWED','evernote.available',3),(56,'ALLOWED','snapgene.available',3),(57,'ALLOWED','group_autosharing.available',3),(58,'ALLOWED','publicLastLogin.available',3),(59,'DENIED','pyrat.available',3),(60,'DENIED','dmptool.available',3),(61,'DENIED','inventory.available',3),(62,'ALLOWED','clustermarket.available',3),(63,'ALLOWED','jove.available',3),(64,'DENIED','self_service_labgroups',3),(65,'DENIED','public_sharing',3),(66,'DENIED','publicdocs_allow_seo',3),(67,'ALLOWED','nextcloud.available',3),(68,'ALLOWED','dryad.available',3),(69,'ALLOWED','argos.available',3),(70,'ALLOWED','zenodo.available',3),(71,'','ZENODO_APIKEY',2),(72,'DENIED','allow_project_groups',3),(73,'ALLOWED','omero.available',3),(74,'','datacite.enabled',0),(75,'','datacite.server.url',2),(76,'','datacite.username',2),(77,'','datacite.password',2),(78,'','datacite.repositoryPrefix',2),(79,'ALLOWED','rspaceinstance.ror',3),(80,'ALLOWED','dmponline.available',3);
INSERT INTO `Role_permissionStrings` (`Role_id`, `permissionStrings`) VALUES (-2,'FORM:READ:property_global=true'),(-2,'COMMS:READ:property_name=SIMPLEMESSAGE'),(-2,'COMMS:READ:property_name=REQUESTRECORDREVIEW'),(-2,'COMMS:READ:property_name=REQUESTRECORDWITNESS'),(-2,'FORM:CREATE,READ,WRITE,SHARE,DELETE:property_owner=${self}'),(-2,'FORM:CREATE'),(-2,'RECORD:SIGN:property_owner=${self}'),(-1,'FORM:CREATE,READ,WRITE,SHARE,DELETE'),(-1,'FORM:CREATE'),(-1,'COMMS:READ:property_name=SIMPLEMESSAGE'),(-1,'COMMS:READ:property_name=REQUESTRECORDREVIEW'),(-1,'COMMS:READ:property_name=REQUESTRECORDWITNESS'),(-1,'RECORD:SIGN:property_owner=${self}'),(-4,'FORM:CREATE,READ,WRITE,SHARE,DELETE'),(-4,'GROUP:CREATE,WRITE'),(-4,'FORM:CREATE'),(-4,'COMMS:READ:property_name=SIMPLEMESSAGE'),(-4,'COMMS:READ:property_name=REQUESTRECORDREVIEW'),(-4,'COMMS:READ:property_name=REQUESTRECORDWITNESS'),(-4,'RECORD:SIGN:property_owner=${self}'),(-1,'COMMS:READ:property_name=REQUESTJOINLABGROUP'),(-1,'USER:WRITE:property_username=${self}'),(-4,'USER:WRITE:property_username=${self}'),(-2,'USER:WRITE:property_username=${self}'),(-1,'USER:CREATE:property_role=ROLEUSER,ROLEPI,ROLEADMIN'),(-4,'USER:CREATE:'),(-4,'COMMUNITY:WRITE:'),(-1,'USER:DELETE:property_role=ROLEUSER,ROLEPI,ROLEADMIN'),(-4,'USER:DELETE:'),(-1,'COMMS:READ:property_name=REQUESTCREATELABGROUP'),(-3,'COMMS:READ:property_name=REQUESTCREATELABGROUP'),(-4,'COMMS:READ:property_name=REQUESTCREATELABGROUP'),(-2,'COMMS:READ:property_name=REQUESTCREATELABGROUP'),(-1,'COMMS:READ:property_name=GLOBALMESSAGE'),(-4,'COMMS:READ:property_name=GLOBALMESSAGE'),(-1,'COMMS:READ:property_name=REQUESTSHARERECORD'),(-3,'COMMS:READ:property_name=REQUESTSHARERECORD'),(-4,'COMMS:READ:property_name=REQUESTSHARERECORD'),(-2,'COMMS:READ:property_name=REQUESTSHARERECORD'),(-4,'COMMS:READ:property_name=REQUESTJOINLABGROUP'),(-4,'RECORD:READ:'),(-1,'APP:CREATE,READ,WRITE,DELETE:property_user=${self}'),(-3,'APP:CREATE,READ,WRITE,DELETE:property_user=${self}'),(-4,'APP:CREATE,READ,WRITE,DELETE:property_user=${self}'),(-2,'APP:CREATE,READ,WRITE,DELETE:property_user=${self}'),(-3,'FORM:CREATE'),(-3,'RECORD:PUBLISH:property_sharingACL=${self}'),(-3,'RECORD:PUBLISH:property_owner=${self}'),(-2,'RECORD:PUBLISH:property_owner=${self}');
INSERT INTO `SystemProperty` (`id`, `dependent_id`, `descriptor_id`) VALUES (-3,NULL,-3),(-2,-1,-2),(-1,NULL,-1),(2,NULL,2),(3,NULL,3),(4,NULL,4),(5,NULL,5),(6,NULL,6),(7,NULL,7),(9,2,9),(10,3,10),(11,4,11),(12,5,12),(13,2,13),(14,NULL,14),(15,NULL,19),(17,NULL,27),(18,NULL,30),(19,NULL,32),(20,NULL,33),(21,NULL,35),(22,NULL,36),(23,NULL,38),(24,NULL,45),(26,NULL,52),(27,NULL,54),(28,NULL,55),(29,NULL,56),(30,NULL,57),(31,NULL,58),(32,NULL,59),(33,NULL,60),(34,NULL,61),(35,NULL,62),(36,NULL,63),(37,NULL,64),(38,NULL,65),(39,NULL,66),(40,NULL,67),(41,NULL,68),(42,NULL,69),(43,NULL,70),(44,NULL,72),(45,NULL,73),(46,NULL,74),(47,NULL,75),(48,NULL,76),(49,NULL,77),(50,NULL,78),(51,NULL,79),(52,NULL,80);
INSERT INTO `SystemPropertyValue` (`id`, `value`, `property_id`, `community_id`) VALUES (1,'ALLOWED',9,NULL),(2,'ALLOWED',10,NULL),(3,'ALLOWED',11,NULL),(4,'ALLOWED',12,NULL),(5,'DENIED',13,NULL),(6,'DENIED',14,NULL),(8,'ALLOWED',2,NULL),(9,'ALLOWED',3,NULL),(10,'ALLOWED',4,NULL),(11,'ALLOWED',5,NULL),(12,'ALLOWED',6,NULL),(13,'ALLOWED',7,NULL),(15,'ALLOWED',15,NULL),(17,'DENIED',17,NULL),(18,'DENIED',18,NULL),(19,'DENIED',19,NULL),(20,'ALLOWED',20,NULL),(21,'DENIED_BY_DEFAULT',21,NULL),(22,'DENIED',22,NULL),(23,'DENIED',23,NULL),(24,'ALLOWED',24,NULL),(26,'ALLOWED',26,NULL),(27,'ALLOWED',27,NULL),(28,'ALLOWED',28,NULL),(29,'DENIED',29,NULL),(30,'ALLOWED',30,NULL),(31,'ALLOWED',31,NULL),(32,'DENIED',32,NULL),(33,'DENIED',33,NULL),(34,'ALLOWED',34,NULL),(35,'DENIED',35,NULL),(36,'DENIED',36,NULL),(37,'DENIED',37,NULL),(38,'DENIED',38,NULL),(39,'DENIED',39,NULL),(40,'DENIED',40,NULL),(41,'DENIED',41,NULL),(42,'DENIED',42,NULL),(43,'DENIED',43,NULL),(44,'DENIED',44,NULL),(45,'DENIED',45,NULL),(46,'false',46,NULL),(47,'https://api.datacite.org',47,NULL),(48,'',48,NULL),(49,'',49,NULL),(50,'',50,NULL),(51,'',51,NULL),(52,'DENIED',52,NULL);
INSERT INTO `User` (`id`, `version`, `account_expired`, `account_locked`, `contentInitialized`, `credentials_expired`, `email`, `account_enabled`, `first_name`, `lastLogin`, `last_name`, `loginFailure`, `numConsecutiveLoginFailures`, `password`, `salt`, `username`, `rootFolder_id`, `tempAccount`, `signupSource`, `privateProfile`, `creationDate`, `affiliation`, `verificationPassword`, `sid`, `allowedPiRole`, `permissionStrings`, `tagsJsonString`) VALUES (-13999,1,b'0',b'0',b'0',b'0','anonymous@anonymous.com',b'1','',NULL,'public',NULL,0,'3fa11720ad436523ee5fba7fb8c8747fe072f2013177da2f34002f7a5372d7f7',NULL,'rspace anonymous guest',NULL,b'0','SSO_BACKDOOR',NULL,NULL,'n/a',NULL,NULL,b'0',NULL,NULL),(-12,1,b'0',b'0',b'0',b'0','sysadmin@researchspace.com',b'1','System',NULL,'Admin',NULL,0,'caa6eec0faa20efba3b7af44af7107b05334759954ef3581030cc8e6199a33bf',NULL,'sysadmin1',NULL,b'0','INTERNAL',NULL,NOW(),'n/a',NULL,NULL,b'0','RECORD:READ:community=-1;;GROUP:WRITE:community=-1',NULL),(-2,1,b'0',b'0',b'0',b'0','admin@researchspace.com',b'0','admin',NULL,'one',NULL,0,'4c12e5931a8b5adb50486e6f2764a8887c4ab8fb17b18285f2ee9d20888aec51',NULL,'admin',NULL,b'0','INTERNAL',NULL,NOW(),'n/a',NULL,NULL,b'0',NULL,NULL);
INSERT INTO `community_admin` (`community_id`, `user_id`) VALUES (-1,-12);
INSERT INTO `roles` (`id`, `description`, `name`) VALUES (-5,'anonymous guest role','ROLE_ANONYMOUS'),(-4,'System admin  role','ROLE_SYSADMIN'),(-3,'PI role','ROLE_PI'),(-2,'Default role for all Users','ROLE_USER'),(-1,'Administrator role (can edit Users)','ROLE_ADMIN');
INSERT INTO `user_role` (`user_id`, `role_id`) VALUES (-13999,-5),(-12,-4),(-2,-1);
SET FOREIGN_KEY_CHECKS=1;
