-- RSDEV-416: pre-1.98.1 run / no-context seed (roles, permissions, system properties, app configs,
-- Organisation reference list, sysadmin/system users, etc.), extracted as end-state from a 1.98.1 build.
-- Loaded once on a fresh DB by initial-seed-changeLog.xml (guarded by a 'roles empty' precondition).
SET FOREIGN_KEY_CHECKS=0;
INSERT INTO `App` (`id`, `defaultEnabled`, `label`, `name`) VALUES (1,'','Slack','app.slack'),(2,'','Dataverse','app.dataverse'),(4,'\0','Github','app.github'),(5,'','ORCID','app.orcid'),(6,'\0','Figshare','app.figshare'),(7,'\0','Egnyte','app.egnyte'),(8,'\0','Microsoft Teams','app.msteams'),(9,'','RSpace onboarding','app.onboarding'),(11,'','Protocols.io','app.protocols_io'),(12,'\0','OwnCloud','app.owncloud'),(13,'','Evernote','app.evernote'),(14,'\0','PyRAT','app.pyrat'),(15,'\0','DMPtool','app.dmptool'),(16,'\0','Clustermarket','app.clustermarket'),(17,'\0','Jove','app.jove'),(18,'\0','nextcloud','app.nextcloud'),(19,'\0','Dryad','app.dryad'),(20,'\0','Argos','app.argos'),(21,'\0','Zenodo','app.zenodo'),(22,'\0','Omero','app.omero'),(23,'\0','DMPonline','app.dmponline');
INSERT INTO `AppConfigElementDescriptor` (`id`, `descriptor_id`, `app_id`) VALUES (1,15,1),(2,16,1),(3,17,1),(4,18,1),(5,20,2),(6,21,2),(7,22,2),(11,28,4),(12,29,4),(13,31,5),(15,37,7),(16,39,8),(17,40,8),(18,41,1),(19,42,1),(20,43,1),(21,44,1),(27,53,11),(28,71,21);
INSERT INTO `ArchiveVersionToAppVersion` (`id`, `toMajor`, `toMinor`, `toQualifier`, `toSuffix`, `schemaName`, `schemaVersion`, `fromMajor`, `fromMinor`, `fromQualifier`, `fromSuffix`) VALUES (1,2,NULL,NULL,NULL,'link',1,0,19,NULL,NULL),(2,2,NULL,NULL,NULL,'doc',1,0,19,NULL,NULL),(3,2,NULL,NULL,NULL,'form',1,0,19,NULL,NULL),(4,2,NULL,NULL,NULL,'users',1,0,19,NULL,NULL),(5,2,NULL,NULL,NULL,'gallery',1,0,19,NULL,NULL),(6,2,NULL,NULL,NULL,'recordList',1,0,19,NULL,NULL);
INSERT INTO `BATCH_JOB_EXECUTION_SEQ` (`ID`, `UNIQUE_KEY`) VALUES (0,'0');
INSERT INTO `BATCH_JOB_SEQ` (`ID`, `UNIQUE_KEY`) VALUES (0,'0');
INSERT INTO `BATCH_STEP_EXECUTION_SEQ` (`ID`, `UNIQUE_KEY`) VALUES (0,'0');
INSERT INTO `Community` (`id`, `creationDate`, `displayName`, `uniqueName`, `profileText`) VALUES (-1,'2026-06-10 09:52:13','All Groups','rs.default.allGroups',NULL);
INSERT INTO `FileStoreRoot` (`id`, `creationDate`, `current`, `fileStoreRoot`, `external`) VALUES (1,'2026-06-10 09:52:26','','D:work\rspaceFS\\file_store\\','\0');
INSERT INTO `OAuthApp` (`id`, `name`, `clientId`, `clientSecret`, `user_id`) VALUES (-11,'rsInventoryWebClient','rsInventoryWebClient','2550de8b20f61d683a15d2681fff5f3685d479c0f667a35f43f8df03f42b0946',-12);
INSERT INTO `Organisation` (`id`, `approved`, `title`) VALUES (1,'','Aalborg University'),(2,'','Aalto University'),(3,'','Aarhus University'),(4,'','Abant Izzet Baysal University'),(5,'','Abdelmalek Essaadi University'),(6,'','Aberystwyth University'),(7,'','Abilene Christian University'),(8,'','Abo Akademi University'),(9,'','Academic Center for Dentistry Amsterdam'),(10,'','Academy of Art College'),(11,'','Acadia University'),(12,'','Acibadem University'),(13,'','Adam Mickiewicz University'),(14,'','Adams State College'),(15,'','Addis Ababa University'),(16,'','Adelphi University'),(17,'','Adiyaman University'),(18,'','Adler School of Professional Psychology'),(19,'','Adnan Menderes University'),(20,'','Adrian College'),(21,'','Afyon Kocatepe University'),(22,'','Aga Khan University'),(23,'','AGH University of Science & Technology'),(24,'','Agnes Scott College'),(25,'','Agricultural University Krakow'),(26,'','Agricultural University Lublin'),(27,'','Agricultural University of Athens'),(28,'','Ahi Evran University'),(29,'','Ahmadu Bello University'),(30,'','Aichi Gakuin University'),(31,'','Aichi Medical University'),(32,'','Ain Shams University'),(33,'','Air Force Institute of Technology'),(34,'','Ajou University'),(35,'','Akdeniz University'),(36,'','Akita Prefectural University'),(37,'','Akita University'),(38,'','Aksaray University'),(39,'','Alabama Agricultural and Mechanical University'),(40,'','Alabama State University'),(41,'','Alagappa University'),(42,'','Alaska Bible College'),(43,'','Alaska Pacific University'),(44,'','Al Azhar University'),(45,'','Al-Balqa Applied University'),(46,'','Albany College of Pharmacy'),(47,'','Albany Law School'),(48,'','Albany Medical Center'),(49,'','Albany State University'),(50,'','Albertus Magnus College'),(51,'','Albion College'),(52,'','Albright College'),(53,'','Alcorn State University'),(54,'','Alderson Broaddus College'),(55,'','Alexandria University'),(56,'','Alexandru Ioan Cuza University'),(57,'','Alfaisal University'),(58,'','Al-Farabi Kazakh National University'),(59,'','Alfred Adler Graduate School'),(60,'','Alfred University'),(61,'','Alice Lloyd College'),(62,'','Aligarh Muslim University'),(63,'','Allegheny College'),(64,'','Allen University'),(65,'','Alma College'),(66,'','Alvernia College'),(67,'','Alverno College'),(68,'','Ambassador University'),(69,'','Amber University'),(70,'','American Academy of Nutrition'),(71,'','American Business & Technology University'),(72,'','American Conservatory of Music'),(73,'','American Conservatory Theater'),(74,'','American-European School of Management'),(75,'','American Film Institute Center for Advanced Film and Television Studies'),(76,'','American Graduate School of International Management'),(77,'','American Indian College of the Assemblies of God'),(78,'','American InterContinental University - Atlanta'),(79,'','American InterContinental University - Ft. Lauderdale'),(80,'','American InterContinental University - Georgia'),(81,'','American InterContinental University Online'),(82,'','American International College'),(83,'','American Jewish University'),(84,'','American Military University'),(85,'','American Public University'),(86,'','American University'),(87,'','American University Cairo'),(88,'','American University of Beirut'),(89,'','American University Sharjah'),(90,'','American World University'),(91,'','Amherst College'),(92,'','Amirkabir University of Technology'),(93,'','Amity University'),(94,'','Anadolu University'),(95,'','Anderson College'),(96,'','Anderson University'),(97,'','Andhra University'),(98,'','Andon College - Modesto'),(99,'','Andon College - Stockton'),(100,'','Andong National University'),(101,'','Andrew Jackson University'),(102,'','Andrews University'),(103,'','Angelo State University'),(104,'','Anglia Ruskin University'),(105,'','Anhui Agricultural University'),(106,'','Anhui Medical University'),(107,'','Anhui Normal University'),(108,'','Anhui University'),(109,'','Anhui University of Technology'),(110,'','Ankara University'),(111,'','Annamalai University'),(112,'','Anna Maria College'),(113,'','Anna University'),(114,'','Anna University Chennai'),(115,'','Antioch New England Graduate School'),(116,'','Antioch University'),(117,'','Antioch University Los Angeles'),(118,'','Antioch University Santa Barbara'),(119,'','Antioch University Seattle'),(120,'','Aoyama Gakuin University'),(121,'','Appalachian Bible College'),(122,'','Appalachian State University'),(123,'','Aquinas College'),(124,'','Arcadia University'),(125,'','Argosy University'),(126,'','Argosy University - Hawaii'),(127,'','Arid Agriculture University'),(128,'','Aristotle University of Thessaloniki'),(129,'','Arizona State University'),(130,'','Arizona State University Polytechnic Campus'),(131,'','Arizona State University West Campus'),(132,'','Arkansas State University'),(133,'','Arkansas State University Beebe'),(134,'','Arkansas State University Mountain Home'),(135,'','Arkansas State University Newport'),(136,'','Arkansas Tech University'),(137,'','Arlington Baptist College'),(138,'','Armstrong Atlantic State University'),(139,'','Armstrong University'),(140,'','Art Academy of Cincinnati'),(141,'','Art Center College of Design'),(142,'','Arthur D. Little Management Education Institute'),(143,'','Art Institute of Charlotte'),(144,'','Art Institute of Southern California'),(145,'','Asahikawa Medical College'),(146,'','Asbury College'),(147,'','Ashland University'),(148,'','Asian Institute of Technology'),(149,'','Asia University Taiwan'),(150,'','Assiut University'),(151,'','Assumption College'),(152,'','Aston University'),(153,'','Ataturk University'),(154,'','Athabasca University'),(155,'','Athenaeum of Ohio'),(156,'','Athens State College'),(157,'','Athens University of Economics & Business'),(158,'','Atilim University'),(159,'','Atlanta Christian College'),(160,'','Atlanta College of Art'),(161,'','Atlantic International University'),(162,'','Atlantic Union College'),(163,'','Atlantic University'),(164,'','Auburn University'),(165,'','Auburn University at Montgomery'),(166,'','Auckland University of Technology'),(167,'','Audrey Cohen College'),(168,'','Augsburg College'),(169,'','Augustana College'),(170,'','Augusta State University'),(171,'','Aurora University'),(172,'','Austin College'),(173,'','Austin Community College'),(174,'','Austin Peay State University'),(175,'','Australian Catholic University'),(176,'','Australian National University'),(177,'','Autonomous University of Baja California'),(178,'','Autonomous University of Barcelona'),(179,'','Autonomous University of Madrid'),(180,'','Autonomous University of Nuevo Leon'),(181,'','Autonomous University of Queretaro'),(182,'','Autonomous University of San Luis Potosi'),(183,'','Autonomous University of Sinaloa'),(184,'','Autonomous University of the State of Hidalgo'),(185,'','Autonomous University of the State of Mexico'),(186,'','Autonomous University of the State of Morelos'),(187,'','Autonomous University of Yucatan'),(188,'','Ave Maria University'),(189,'','Averett College'),(190,'','Avila College'),(191,'','Azabu University'),(192,'','Azusa Pacific University'),(193,'','Babson College'),(194,'','Bahauddin Zakariya University'),(195,'','Bahcesehir University'),(196,'','Baker College of Auburn Hills'),(197,'','Baker College of Cadillac'),(198,'','Baker College of Flint'),(199,'','Baker College of Mount Clemens'),(200,'','Baker College of Muskegon'),(201,'','Baker College of Owosso'),(202,'','Baker College of Port Huron'),(203,'','Baker University'),(204,'','Baku State University'),(205,'','Baldwin-Wallace College'),(206,'','Balikesir University'),(207,'','Ball State University'),(208,'','Baltimore Hebrew University'),(209,'','Baltimore International College'),(210,'','Banaras Hindu University'),(211,'','Bangalore University'),(212,'','Bangor University'),(213,'','Bank Street College of Education'),(214,'','Baptist Bible College of Missouri'),(215,'','Baptist Bible College of Pennsylvania'),(216,'','Barat College'),(217,'','Barber-Scotia College'),(218,'','Barclay College'),(219,'','Bard College'),(220,'','Bard Graduate Center for Studies in the Decorative Arts'),(221,'','Bar Ilan University'),(222,'','Barnard College - Columbia University'),(223,'','Barry University'),(224,'','Bartlesville Wesleyan College'),(225,'','Barton College'),(226,'','Baruch College (CUNY)'),(227,'','Baskent University'),(228,'','Bastyr University'),(229,'','Bates College'),(230,'','Bauder College'),(231,'','Baylor College of Dentistry'),(232,'','Baylor College of Medicine'),(233,'','Baylor University'),(234,'','Beihang University'),(235,'','Beijing Forestry University'),(236,'','Beijing Institute of Technology'),(237,'','Beijing Jiaotong University'),(238,'','Beijing Normal University'),(239,'','Beijing University of Chemical Technology'),(240,'','Beijing University of Chinese Medicine'),(241,'','Beijing University of Technology'),(242,'','Beijing University Posts & Telecommunications'),(243,'','Belarusian State University'),(244,'','Belhaven College'),(245,'','Bellarmine College'),(246,'','Bellevue University'),(247,'','Bellin College of Nursing'),(248,'','Belmont Abbey College'),(249,'','Belmont University'),(250,'','Beloit College'),(251,'','Bemidji State Univeristy'),(252,'','Benedict College'),(253,'','Benedictine College'),(254,'','Benedictine University'),(255,'','Benedictine University Springfield College in Illinois'),(256,'','Benemerita Universidad Autonoma de Puebla'),(257,'','Bengal Engineering Science University'),(258,'','Ben Gurion University'),(259,'','Bennett College'),(260,'','Bennington College'),(261,'','Bentley College'),(262,'','Berea College'),(263,'','Berean University of the Assemblies of God'),(264,'','Berklee College of Music'),(265,'','Berne University'),(266,'','Berry College'),(267,'','Bethany College California'),(268,'','Bethany College Kansas'),(269,'','Bethany College West Virginia'),(270,'','Bethel College McKenzie'),(271,'','Bethel College Mishawaka'),(272,'','Bethel College Newton'),(273,'','Beth-El College of Nursing and Health Sciences'),(274,'','Bethel College St. Paul'),(275,'','Bethune-Cookman College'),(276,'','Bharathiar University'),(277,'','Bharathidasan University'),(278,'','Bilkent University'),(279,'','Biola University'),(280,'','Birkbeck University London'),(281,'','Birla Institute of Technology & Science'),(282,'','Birmingham City University'),(283,'','Birmingham-Southern College'),(284,'','Blackburn College'),(285,'','Black Hawk College'),(286,'','Black Hills State University'),(287,'','Blaise Pascal University'),(288,'','Blessing-Rieman College of Nursing'),(289,'','Bloomfield College'),(290,'','Bloomsburg University of Pennsylvania'),(291,'','Bluefield College'),(292,'','Bluefield State College'),(293,'','Blue Mountain College'),(294,'','Bluffton College'),(295,'','Bob Jones University'),(296,'','Bocconi University'),(297,'','Bogazici University'),(298,'','Bogor Agricultural University'),(299,'','Bohai University'),(300,'','Boise Bible College'),(301,'','Boise State University'),(302,'','Bond University'),(303,'','Boricua College'),(304,'','Boston Architectural Center'),(305,'','Boston College'),(306,'','Boston University'),(307,'','Bournemouth University'),(308,'','Bowdoin College'),(309,'','Bowie State University'),(310,'','Bowling Green State University'),(311,'','Bowling Green State University Firelands'),(312,'','Bozok University'),(313,'','Bradley University'),(314,'','Brandeis University'),(315,'','Brandman University'),(316,'','Braunschweig University of Technology'),(317,'','Brenau University'),(318,'','Brescia University'),(319,'','Brevard College'),(320,'','Brewton-Parker College'),(321,'','Breyer State University (Virtual University)'),(322,'','Briar Cliff College'),(323,'','Bridgewater College'),(324,'','Bridgewater State College'),(325,'','Brigham Young University'),(326,'','Brigham Young University Hawaii'),(327,'','Brno University of Technology'),(328,'','Brock University'),(329,'','Brooklyn College (CUNY)'),(330,'','Brooklyn Law School'),(331,'','Brooks Institute of Photography'),(332,'','Brown University'),(333,'','Brunel University'),(334,'','Brunswick Community College'),(335,'','Bryan College'),(336,'','Bryant and Stratton College'),(337,'','Bryant University'),(338,'','Bryn Athyn College of the New Church'),(339,'','Bryn Mawr College'),(340,'','Bucharest Academy of Economic Studies'),(341,'','Bucknell University'),(342,'','Budapest University of Technology & Economics'),(343,'','Buena Vista University'),(344,'','Buffalo State College'),(345,'','Bulent Ecevit University'),(346,'','Burlington College'),(347,'','Butler University'),(348,'','Cabrini College'),(349,'','Cairo University'),(350,'','Caldwell College'),(351,'','California Baptist College'),(352,'','California Coast University'),(353,'','California College for Health Sciences'),(354,'','California College of Arts and Crafts'),(355,'','California College of Podiatric Medicine'),(356,'','California College San Diego'),(357,'','California Institute of Integral Studies'),(358,'','California Institute of Technology'),(359,'','California Institute of the Arts'),(360,'','California Lutheran University'),(361,'','California Maritime Academy'),(362,'','California Polytechnic State University - San Luis Obispo'),(363,'','California Polytechnic State University San Luis Obispo'),(364,'','California School of Professional Psychology - Berkley/Alameda'),(365,'','California School of Professional Psychology - Fresno'),(366,'','California School of Professional Psychology - Los Angels'),(367,'','California School of Professional Psychology - San Diego'),(368,'','California State Polytechnic University Pomona'),(369,'','California State Polytechnic University - Pomona'),(370,'','California State University Bakersfield'),(371,'','California State University Channel Islands'),(372,'','California State University Chico'),(373,'','California State University Dominguez Hills'),(374,'','California State University Fresno'),(375,'','California State University Fullerton'),(376,'','California State University Hayward'),(377,'','California State University Long Beach'),(378,'','California State University Los Angeles'),(379,'','California State University Monterey Bay'),(380,'','California State University Northridge'),(381,'','California State University Sacramento'),(382,'','California State University San Bernardino'),(383,'','California State University San Marcos'),(384,'','California State University Stanislaus'),(385,'','California University of Management and Sciences'),(386,'','California University of Pennsylvania'),(387,'','California Western School of Law'),(388,'','Calumet College of St. Joseph'),(389,'','Calvary Bible College'),(390,'','Calvin College'),(391,'','Cambridge College'),(392,'','Cameron University'),(393,'','Campbellsville College'),(394,'','Campbell University'),(395,'','Canakkale Onsekiz Mart University'),(396,'','Canisius College'),(397,'','Cankaya University'),(398,'','Can Tho University'),(399,'','Capella University'),(400,'','Cape Peninsula University of Technology'),(401,'','Capital Medical University'),(402,'','Capital Normal University'),(403,'','Capital University'),(404,'','Capital University Law School'),(405,'','Capitol College'),(406,'','Cardiff University'),(407,'','Cardinal Stritch University'),(408,'','Carleton College'),(409,'','Carleton University'),(410,'','Carlos Albizu University'),(411,'','Carlow College'),(412,'','Carnegie Mellon University'),(413,'','Carol Davila University of Medicine & Pharmacy'),(414,'','Carroll College Helena'),(415,'','Carroll College Waukesha'),(416,'','Carson-Newman College'),(417,'','Carthage College'),(418,'','Case Western Reserve University'),(419,'','Castleton State College'),(420,'','Catawba College'),(421,'','Catholic Theological Union'),(422,'','Catholic University of America'),(423,'','Catholic University of Korea'),(424,'','Catholic University of the Sacred Heart'),(425,'','Cedar Crest College'),(426,'','Cedarville College'),(427,'','Celal Bayar University'),(428,'','Centenary College'),(429,'','Centenary College of Louisiana'),(430,'','Center for Humanistic Studies'),(431,'','Central Baptist College'),(432,'','Central Bible College'),(433,'','Central China Normal University'),(434,'','Central Christian College of the Bible'),(435,'','Central College'),(436,'','Central Connecticut State University'),(437,'','Central European University'),(438,'','Central Methodist College'),(439,'','Central Michigan University'),(440,'','Central Queensland University'),(441,'','Central South University'),(442,'','Central State University'),(443,'','Central University Finance & Economics'),(444,'','Central Washington University'),(445,'','Centre College'),(446,'','Chadron State College'),(447,'','Chalmers University of Technology'),(448,'','Chaminade University of Honolulu'),(449,'','Champlain College'),(450,'','Changan University'),(451,'','Changchun University of Technology'),(452,'','Changchun University Science & Technology'),(453,'','Chang Gung University'),(454,'','Chang Jung Christian University'),(455,'','Changwon National University'),(456,'','Chapman University'),(457,'','Charite Medical University of Berlin'),(458,'','Charles Darwin University'),(459,'','Charles R. Drew University of Medicine and Science'),(460,'','Charles Sturt University'),(461,'','Charleston Southern University'),(462,'','Charles University Prague'),(463,'','Charter Oak State College'),(464,'','Chatham College'),(465,'','Chengdu University of Technology'),(466,'','Chestnut Hill College'),(467,'','Cheyney University of Pennsylvania'),(468,'','Chiang Mai University'),(469,'','Chiba Institute of Technology'),(470,'','Chiba University'),(471,'','Chicago State University'),(472,'','China Agricultural University'),(473,'','China Jiliang University'),(474,'','China Medical University'),(475,'','China Medical University Taiwan'),(476,'','China Pharmaceutical University'),(477,'','China Three Gorges University'),(478,'','China University of Geosciences'),(479,'','China University of Mining & Technology'),(480,'','China University of Petroleum'),(481,'','Chinese Academy of Engineering Physics'),(482,'','Chinese Culture University'),(483,'','Chinese University of Hong Kong'),(484,'','Chonbuk National University'),(485,'','Chongqing Medical University'),(486,'','Chongqing University'),(487,'','Chongqing University Posts & Telecommunications'),(488,'','Chonnam National University'),(489,'','Chosun University'),(490,'','Chowan College'),(491,'','Christendom College'),(492,'','Christian Brothers University'),(493,'','Christian Heritage College'),(494,'','Christian Medical College & Hospital (CMCH) Vellore'),(495,'','Christopher Newport University'),(496,'','Chubu University'),(497,'','Chulalongkorn University'),(498,'','Chung Ang University'),(499,'','Chungbuk National University'),(500,'','Chung Hua University'),(501,'','Chungnam National University'),(502,'','Chung Shan Medical University'),(503,'','Chung Yuan Christian University'),(504,'','Chuo University'),(505,'','Circleville Bible College'),(506,'','City College of New York (CUNY)'),(507,'','City University'),(508,'','City University London'),(509,'','City University of Hong Kong'),(510,'','City University of New York Bernard M. Baruch College'),(511,'','City University of New York Brooklyn College'),(512,'','City University of New York City College'),(513,'','City University of New York College of Staten Island'),(514,'','City University of New York (CUNY) System'),(515,'','City University of New York Graduate School and University Center'),(516,'','City University of New York Hunter College'),(517,'','City University of New York John Jay College of Criminal Justice'),(518,'','City University of New York Lehman College'),(519,'','City University of New York Medgar Evers College'),(520,'','City University of New York Medical School / Sophie Davis School of Biomedical Education'),(521,'','City University of New York New York City Technical College'),(522,'','City University of New York Queens College'),(523,'','City University of New York School of Law at Queens College'),(524,'','City University of New York York College'),(525,'','Civil Aviation University of China'),(526,'','Claflin College'),(527,'','Claremont Graduate School'),(528,'','Claremont Graduate University'),(529,'','Claremont Lincoln University'),(530,'','Claremont McKenna College'),(531,'','Clarion University'),(532,'','Clark Atlanta University'),(533,'','Clarke College'),(534,'','Clarkson College'),(535,'','Clarkson University'),(536,'','Clark University'),(537,'','Clayton College & State University'),(538,'','Clearwater Christian College'),(539,'','Cleary College'),(540,'','Clemson University'),(541,'','Cleveland Chiropractic College Kansas City'),(542,'','Cleveland Chiropractic College Los Angeles'),(543,'','Cleveland Institute of Art'),(544,'','Cleveland Institute of Music'),(545,'','Cleveland State University'),(546,'','Coastal Carolina University'),(547,'','Cochin University Science & Technology'),(548,'','Coe College'),(549,'','Cogswell Polytechnical College'),(550,'','Coker College'),(551,'','Colby College'),(552,'','Colby-Sawyer College'),(553,'','Coleman College'),(554,'','Colgate University'),(555,'','CollegeAmerica Denver'),(556,'','CollegeAmerica Phoenix'),(557,'','College for Creative Studies'),(558,'','College for Financial Planning'),(559,'','College for Lifelong Learning'),(560,'','College Misericordia'),(561,'','College of Aeronautics'),(562,'','College of Charleston'),(563,'','College of DuPage'),(564,'','College of Idaho'),(565,'','College of Mount St. Joseph'),(566,'','College of Mount St. Vincent'),(567,'','College of New Jersey'),(568,'','College of New Rochelle'),(569,'','College of Notre Dame'),(570,'','College of Notre Dame of Maryland'),(571,'','College of Osteopathic Medicine of the Pacific (Western University of Health Sciences)'),(572,'','College of Staten Island (CUNY)'),(573,'','College of St. Benedict and St. John\'s University'),(574,'','College of St. Catherine'),(575,'','College of St. Elizabeth'),(576,'','College of St. Joseph'),(577,'','College of St. Mary'),(578,'','College of St. Rose'),(579,'','College of St. Scholastica'),(580,'','College of the Atlantic'),(581,'','College of the Holy Cross'),(582,'','College of the Ozarks'),(583,'','College of Visual Arts'),(584,'','College of William and Mary'),(585,'','College William & Mary'),(586,'','Colorado Christian University'),(587,'','Colorado College'),(588,'','Colorado School of Mines'),(589,'','Colorado State University'),(590,'','Colorado State University-Pueblo'),(591,'','Colorado Technical University'),(592,'','Columbia College Chicago'),(593,'','Columbia College Hollywood'),(594,'','Columbia College of Missouri'),(595,'','Columbia College South Carolina'),(596,'','Columbia Commonwealth University'),(597,'','Columbia International University'),(598,'','Columbia Southern University'),(599,'','Columbia Union College'),(600,'','Columbia University'),(601,'','Columbia University Teachers College'),(602,'','Columbus College of Art and Design'),(603,'','Columbus State University'),(604,'','Columbus University'),(605,'','Comenius University Bratislava'),(606,'','Community College of Denver'),(607,'','Complutense University of Madrid'),(608,'','COMSATS Institute of Information Technology (CIIT)'),(609,'','Concord College'),(610,'','Concordia College Ann Arbor'),(611,'','Concordia College Bronxville'),(612,'','Concordia College Moorhead'),(613,'','Concordia College Selma'),(614,'','Concordia College Seward'),(615,'','Concordia College St. Paul'),(616,'','Concordia University Austin'),(617,'','Concordia University - Canada'),(618,'','Concordia University Irvine'),(619,'','Concordia University Mequon'),(620,'','Concordia University Portland'),(621,'','Concordia University River Forest'),(622,'','Connecticut College'),(623,'','Constantine Philosopher University Nitra'),(624,'','Converse College'),(625,'','Conway School of Landscape Design'),(626,'','Copenhagen Business School'),(627,'','Coppin State College'),(628,'','Cornell College'),(629,'','Cornell University'),(630,'','Cornish College of the Arts'),(631,'','Corvinus University Budapest'),(632,'','Cosmopolitan University'),(633,'','Covenant College'),(634,'','Coventry University'),(635,'','Cracow University of Technology'),(636,'','Cranbrook Academy of Art'),(637,'','Cranfield University'),(638,'','Creighton University'),(639,'','Crichton College'),(640,'','Crown College'),(641,'','Cukurova University'),(642,'','Culver-Stockton College'),(643,'','Cumberland College'),(644,'','Cumberland University'),(645,'','Cumhuriyet University'),(646,'','Curry College'),(647,'','Curtin University of Technology'),(648,'','Czech Technical University Prague'),(649,'','Czech University of Life Sciences Prague'),(650,'','Daegu University'),(651,'','Daemen College'),(652,'','Dakota State University'),(653,'','Dakota Wesleyan University'),(654,'','Dalarna University'),(655,'','Dalhousie University'),(656,'','Dalian Jiaotong University'),(657,'','Dalian Maritime University'),(658,'','Dalian Medical University'),(659,'','Dalian University'),(660,'','Dalian University of Technology'),(661,'','Dallas Baptist University'),(662,'','Dallas Christian College'),(663,'','Dana College'),(664,'','Daniel Webster College'),(665,'','Dankook University'),(666,'','Danville Area Community College'),(667,'','Darmstadt University of Technology'),(668,'','Dartmouth College'),(669,'','Darton College'),(670,'','Davenport College of Business Grand Rapids'),(671,'','Davenport College of Business Kalamazoo'),(672,'','Davenport College of Business Lansing'),(673,'','Davidson College'),(674,'','Davis and Elkins College'),(675,'','Da Yeh University'),(676,'','Deaconess College of Nursing'),(677,'','Deakin University'),(678,'','De La Salle University'),(679,'','Delaware State University'),(680,'','Delaware Valley College'),(681,'','Delft University of Technology'),(682,'','Delta International University'),(683,'','Delta State University'),(684,'','Democritus University of Thrace'),(685,'','De Montfort University'),(686,'','Denison University'),(687,'','Denver Paralegal Institute'),(688,'','Denver Technical College'),(689,'','DePaul University'),(690,'','DePauw University'),(691,'','DeSales University'),(692,'','Design Institute of San Diego'),(693,'','Detroit College of Business'),(694,'','Detroit College of Business - Flint'),(695,'','Detroit College of Business - Warren'),(696,'','Detroit College of Law'),(697,'','Devi Ahilya University'),(698,'','DeVry Institute of Technology Chicago'),(699,'','DeVry Institute of Technology Columbus'),(700,'','DeVry Institute of Technology Decatur'),(701,'','DeVry Institute of Technology DuPage'),(702,'','DeVry Institute of Technology Irving'),(703,'','DeVry Institute of Technology Kansas City'),(704,'','DeVry Institute of Technology Phoenix'),(705,'','DeVry Institute of Technology Pomona'),(706,'','Dickinson College'),(707,'','Dickinson State University'),(708,'','Dicle University'),(709,'','Dillard University'),(710,'','Divine Word College'),(711,'','Dixie College'),(712,'','Doane College'),(713,'','Dogu Akdeniz University'),(714,'','Dogus University'),(715,'','Dokkyo University'),(716,'','Dokuz Eylul University'),(717,'','Dominican College'),(718,'','Dominican College of San Rafael'),(719,'','Dominican School of Philosophy and Theology'),(720,'','Dominican University'),(721,'','Dominion College'),(722,'','Dong A University'),(723,'','Dong Eui University'),(724,'','Dongguk University'),(725,'','Donghua University'),(726,'','Dordt College'),(727,'','Dortmund University of Technology'),(728,'','Doshisha University'),(729,'','Dowling College'),(730,'','Dow University of Health Sciences'),(731,'','Drake University'),(732,'','Dr. Babasaheb Ambedkar Marathwada University (BAMU)'),(733,'','Drew University'),(734,'','Drexel University'),(735,'','Drury College'),(736,'','Dublin City University'),(737,'','Dublin Institute of Technology'),(738,'','Duke University'),(739,'','Duluth Business University'),(740,'','Dumlupinar University'),(741,'','Dunarea De Jos University Galati'),(742,'','Duquesne University'),(743,'','Durban University of Technology'),(744,'','Durham University'),(745,'','Duzce University'),(746,'','D\'Youville College'),(747,'','Earlham College'),(748,'','EarthNet Institute'),(749,'','East Carolina University'),(750,'','East Central University'),(751,'','East China Institute of Technology'),(752,'','East China Normal University'),(753,'','East China University of Science & Technology'),(754,'','Eastern College'),(755,'','Eastern Connecticut State University'),(756,'','Eastern Conservatory of Music'),(757,'','Eastern Illinois University'),(758,'','Eastern Kentucky University'),(759,'','Eastern Mennonite University'),(760,'','Eastern Michigan University'),(761,'','Eastern Nazarene College'),(762,'','Eastern New Mexico University'),(763,'','Eastern Oregon University'),(764,'','Eastern Virginia Medical School'),(765,'','Eastern Washington University'),(766,'','East Stroudsburg State University'),(767,'','East Tennessee State University'),(768,'','East Texas Baptist University'),(769,'','East-West University'),(770,'','Eberhard Karls University of Tubingen'),(771,'','Eckerd College'),(772,'','Ecole de Technologie Superieure - Canada'),(773,'','Ecole Nationale des Ponts et Chaussees'),(774,'','Ecole Normale Superieure (ENS) Lyon'),(775,'','Ecole Normale Superieure (ENS) Paris'),(776,'','Ecole Polytechnique'),(777,'','Edgewood College'),(778,'','Edinboro University of Pennsylvania'),(779,'','Edison Community College'),(780,'','Edith Cowan University'),(781,'','Edward Waters College'),(782,'','Ege University'),(783,'','Ehime University'),(784,'','Eindhoven University of Technology'),(785,'','Elizabeth City State University'),(786,'','Elizabethtown College'),(787,'','Elmhurst College'),(788,'','Elmira College'),(789,'','Elms College'),(790,'','Elon College'),(791,'','Embry-Riddle Aeronautical University'),(792,'','Embry Riddle Aeronautical University Prescott'),(793,'','Emerson College'),(794,'','Emmanuel College'),(795,'','Emmanuel College Georgia'),(796,'','Emmaus Bible College'),(797,'','Emory & Henry College'),(798,'','Emory University'),(799,'','Emporia State University'),(800,'','Eotvos Lorand University'),(801,'','Erasmus University Rotterdam'),(802,'','Erciyes University'),(803,'','Ernst Moritz Arndt Universitat Greifswald'),(804,'','Erskine College'),(805,'','Erzincan University'),(806,'','Eskisehir Osmangazi University'),(807,'','Eugene Bible College'),(808,'','Eureka College'),(809,'','European University Institute'),(810,'','Evangel University'),(811,'','Evergreen State College'),(812,'','Ewha Womans University'),(813,'','Excel College'),(814,'','Excelsior College'),(815,'','Fairfield University'),(816,'','Fairleigh Dickinson University Florham-Madison Campus'),(817,'','Fairleigh Dickinson University Teaneck-Hackensack Campus'),(818,'','Fairmont State College'),(819,'','Far Eastern Federal University'),(820,'','Fashion Institute of New York'),(821,'','Fatih University'),(822,'','Faulkner University'),(823,'','Fayetteville State University'),(824,'','Federation University Australia'),(825,'','Felician College'),(826,'','Feng Chia University'),(827,'','Ferdowsi University Mashhad'),(828,'','Ferris State University'),(829,'','Ferrum College'),(830,'','Fielding Institute'),(831,'','Finch University of Health Sciences - The Chicago Medical School'),(832,'','Finlandia University'),(833,'','Firat University'),(834,'','Fisher College'),(835,'','Fisk University'),(836,'','Fitchburg State College'),(837,'','Flagler College'),(838,'','Flinders University South Australia'),(839,'','Florida Agricultural and Mechanical University'),(840,'','Florida A&M University'),(841,'','Florida Atlantic University'),(842,'','Florida Christian College'),(843,'','Florida Community College at Jacksonville'),(844,'','Florida Gulf Coast University'),(845,'','Florida Institute of Technology'),(846,'','Florida International University'),(847,'','Florida Memorial College'),(848,'','Florida Metropolitan University Fort Lauderdale College'),(849,'','Florida Metropolitan University Tampa College'),(850,'','Florida Metropolitan University Tampa College Brandon'),(851,'','Florida Metropolitan University Tampa College Lakeland'),(852,'','Florida Southern College'),(853,'','Florida State University'),(854,'','Florida University of Medicine'),(855,'','Fontbonne College'),(856,'','Foothill-De Anza Community College District'),(857,'','Fordham University'),(858,'','Forest Institute of Professional Psychology'),(859,'','Fort Hays State University'),(860,'','Fort Lewis College'),(861,'','Fort Valley State College'),(862,'','Fourth Military Medical University'),(863,'','Framingham State College'),(864,'','Franciscan School of Theology'),(865,'','Franciscan University of Steubenville'),(866,'','Francis Marion University'),(867,'','Franklin and Marshall College'),(868,'','Franklin College'),(869,'','Franklin Pierce College'),(870,'','Franklin Pierce Law Center'),(871,'','Franklin University'),(872,'','Franklin W. Olin College of Engineering'),(873,'','Frank Lloyd Wright School of Architecture'),(874,'','Fred Hutchinson Cancer Research Center'),(875,'','Freed-Hardeman University'),(876,'','Free University of Berlin'),(877,'','Free University (Virginia Theological University)'),(878,'','Free Will Baptist Bible College'),(879,'','Fresno City College'),(880,'','Fresno Pacific University'),(881,'','Friedrich Schiller University of Jena'),(882,'','Friends University'),(883,'','Frostburg State University'),(884,'','Fudan University'),(885,'','Fu Jen Catholic University'),(886,'','Fujian Medical University'),(887,'','Fujian Normal University'),(888,'','Fujita Health University'),(889,'','Fukuoka University'),(890,'','Fukushima Medical University'),(891,'','Full Sail University'),(892,'','Furman University'),(893,'','Fuzhou University'),(894,'','Gadjah Mada University'),(895,'','Gakushuin University'),(896,'','Gallaudet University'),(897,'','Gannon University'),(898,'','Gardner Webb University'),(899,'','Gaziantep University'),(900,'','Gaziosmanpasa University'),(901,'','Gazi University'),(902,'','G dAnnunzio University of Chieti-Pescara'),(903,'','Gdansk University of Technology'),(904,'','Gebze Yuksek Teknoloji Enstitusu'),(905,'','Gemological Institute of America'),(906,'','Geneva College'),(907,'','George Fox University'),(908,'','George Mason University'),(909,'','Georgetown College'),(910,'','Georgetown University'),(911,'','George Washington University'),(912,'','George Wythe College'),(913,'','Georgia Baptist College of Nursing'),(914,'','Georgia College & State University'),(915,'','Georgia Health Sciences University'),(916,'','Georgia Institute of Technology'),(917,'','Georgian Court College'),(918,'','Georgia Regents University'),(919,'','Georgia School of Professional Psychology'),(920,'','Georgia Southern University'),(921,'','Georgia Southwestern University'),(922,'','Georgia State University'),(923,'','Gettysburg College'),(924,'','GH Asachi Technical University'),(925,'','Ghent University'),(926,'','Gifu Pharmaceutical University'),(927,'','Gifu University'),(928,'','Glasgow Caledonian University'),(929,'','Glendale University College of Law'),(930,'','Glenville State College'),(931,'','Glyndwr University'),(932,'','Goddard College'),(933,'','God\'s Bible School and College'),(934,'','Goethe University Frankfurt'),(935,'','Golden Gate University'),(936,'','Goldey-Beacom College'),(937,'','Goldsmiths University London'),(938,'','Gonzaga University'),(939,'','Gordon College'),(940,'','Gordon Conwell Theological Seminary'),(941,'','Goshen College'),(942,'','Goucher College'),(943,'','Government College University Faisalabad'),(944,'','Government College University Lahore'),(945,'','Governors State University'),(946,'','Govind Ballabh Pant University of Agriculture & Technology'),(947,'','Grace Bible College'),(948,'','Grace College'),(949,'','Graceland College'),(950,'','Grace University'),(951,'','Graduate Theological Union'),(952,'','Graduate University for Advanced Studies - Japan'),(953,'','Grambling State University'),(954,'','Grand Canyon University'),(955,'','Grand Valley State University'),(956,'','Grand View College'),(957,'','Grantham University'),(958,'','Gratz College'),(959,'','Graz University of Technology'),(960,'','Great Lakes Christian College'),(961,'','Green Mountain College'),(962,'','Greensboro College'),(963,'','Greenville College'),(964,'','Griffith University'),(965,'','Grigore T Popa University of Medicine & Pharmacy'),(966,'','Grinnell College'),(967,'','Grove City College'),(968,'','Guangdong University of Technology'),(969,'','Guangxi Medical University'),(970,'','Guangxi Normal University'),(971,'','Guangxi University'),(972,'','Guangzhou Medical University'),(973,'','Guangzhou University'),(974,'','Guilford College'),(975,'','Guizhou University'),(976,'','Gulhane Askeri Tip Akademisi (GATA)'),(977,'','Gumushane University'),(978,'','Gunma University'),(979,'','Gustavus Adolphus College'),(980,'','Gwangju Institute of Science & Technology'),(981,'','Gwynedd-Mercy College'),(982,'','Gyeongsang National University'),(983,'','Hacettepe University'),(984,'','Hagerstown Community College'),(985,'','Hainan University'),(986,'','Hallym University'),(987,'','Halmstad University'),(988,'','Hamamatsu University School of Medicine'),(989,'','Hamburg University of Technology'),(990,'','Hamilton College'),(991,'','Hamilton Technical College'),(992,'','Hamline University'),(993,'','Hampden-Sydney College'),(994,'','Hampshire College'),(995,'','Hampton College'),(996,'','Hampton University'),(997,'','Hangzhou Dianzi University'),(998,'','Hangzhou Normal University'),(999,'','Hannibal-Lagrange College'),(1000,'','Hanoi Medical University'),(1001,'','Hanoi University of Science & Technology'),(1002,'','Hanover College'),(1003,'','Hanyang University'),(1004,'','Harbin Engineering University'),(1005,'','Harbin Institute of Technology'),(1006,'','Harbin Medical University'),(1007,'','Harbin Normal University'),(1008,'','Harbin University of Science & Technology'),(1009,'','Harding University'),(1010,'','Harding University Graduate School of Religion'),(1011,'','Hardin-Simmons University'),(1012,'','Harokopio University Athens'),(1013,'','Harran University'),(1014,'','Harrington Institute of Interior Design'),(1015,'','Harris-Stowe State University'),(1016,'','Hartford College for Women'),(1017,'','Hartford Graduate Center (Rensselaer at Hartford)'),(1018,'','Hartwick College'),(1019,'','Harvard University'),(1020,'','Harvey Mudd College'),(1021,'','Hashemite University'),(1022,'','Hasselt University'),(1023,'','Hastings College'),(1024,'','Haverford College'),(1025,'','Hawaii Pacific University'),(1026,'','Hazara University'),(1027,'','Health Sciences University of Hokkaido'),(1028,'','Heartland Baptist Bible College'),(1029,'','Hebei Medical University'),(1030,'','Hebei Normal University'),(1031,'','Hebei University'),(1032,'','Hebei University of Science & Technology'),(1033,'','Hebei University of Technology'),(1034,'','Hebrew College'),(1035,'','Hebrew University of Jerusalem'),(1036,'','Hefei University of Technology'),(1037,'','Heidelberg College'),(1038,'','Heilongjiang University'),(1039,'','Heinrich Heine University Dusseldorf'),(1040,'','Helwan University'),(1041,'','Henan Normal University'),(1042,'','Henan Polytech University'),(1043,'','Henan University'),(1044,'','Henan University of Science & Technology'),(1045,'','Henderson State Univerisity'),(1046,'','Hendrix College'),(1047,'','Heriot Watt University'),(1048,'','Heritage College'),(1049,'','Hesser College'),(1050,'','High Point University'),(1051,'','Hilbert College'),(1052,'','Hillsdale College'),(1053,'','Hiram College'),(1054,'','Hirosaki University'),(1055,'','Hiroshima University'),(1056,'','Hobart and William Smith Colleges'),(1057,'','Hobe Sound Bible College'),(1058,'','Hodges University'),(1059,'','Hofstra University'),(1060,'','Hohai University'),(1061,'','Hokkaido University'),(1062,'','Hollins University'),(1063,'','Holy Apostles College'),(1064,'','Holy Cross College'),(1065,'','Holy Family College'),(1066,'','Holy Names College'),(1067,'','Hongik University'),(1068,'','Hong Kong Baptist University'),(1069,'','Hong Kong Institute of Education'),(1070,'','Hong Kong Polytechnic University'),(1071,'','Hong Kong University of Science & Technology'),(1072,'','Hood College'),(1073,'','Hope College'),(1074,'','Hope International University'),(1075,'','Hosei University'),(1076,'','Hoshi University'),(1077,'','Houghton College'),(1078,'','Houston Baptist University'),(1079,'','Howard Payne University'),(1080,'','Howard University'),(1081,'','Huaqiao University'),(1082,'','Huazhong Agricultural University'),(1083,'','Huazhong University of Science & Technology'),(1084,'','Hubei Normal University'),(1085,'','Hubei University'),(1086,'','Humboldt State University'),(1087,'','Humboldt University of Berlin'),(1088,'','Humphreys College'),(1089,'','Hunan Normal University'),(1090,'','Hunan University'),(1091,'','Hunan University of Technology'),(1092,'','Hunter College (CUNY)'),(1093,'','Huntington College'),(1094,'','Huron University'),(1095,'','Husson College'),(1096,'','Huston-Tillotson College'),(1097,'','Hyogo College of Medicine'),(1098,'','Ibaraki University'),(1099,'','ICI University'),(1100,'','ICT College'),(1101,'','Idaho State University'),(1102,'','Iglobal University'),(1103,'','Illinois Benedictine University'),(1104,'','Illinois College'),(1105,'','Illinois College of Optometry'),(1106,'','Illinois Institute of Technology'),(1107,'','Illinois School of Professional Psychology - Chicago Campus'),(1108,'','Illinois School of Professional Psychology - Meadows Campus'),(1109,'','Illinois State University'),(1110,'','Illinois Valley Community College'),(1111,'','Illinois Wesleyan University'),(1112,'','Immaculata University'),(1113,'','IMPAC University'),(1114,'','Imperial College London'),(1115,'','Indiana Institute of Technologyy'),(1116,'','Indian Association for the Cultivation of Science (IACS) - Jadavpur'),(1117,'','Indiana State University'),(1118,'','Indiana University'),(1119,'','Indiana University at Bloomington'),(1120,'','Indiana University at Kokomo'),(1121,'','Indiana University at South Bend'),(1122,'','Indiana University Bloomington'),(1123,'','Indiana University - East'),(1124,'','Indiana University - Northwest'),(1125,'','Indiana University of Pennsylvania'),(1126,'','Indiana University-Purdue University at Columbus'),(1127,'','Indiana University-Purdue University at Fort Wayne'),(1128,'','Indiana University-Purdue University at Indianapolis'),(1129,'','Indiana University-Purdue University Indianapolis'),(1130,'','Indiana University - Southeast'),(1131,'','Indiana University (System)'),(1132,'','Indiana Wesleyan University'),(1133,'','Indian Institute of Science Education and Research (IISER) - Mohali'),(1134,'','Indian Institute of Science Education & Research (IISER) - Bhopal'),(1135,'','Indian Institute of Science Education & Research (IISER) - Pune'),(1136,'','Indian Institute of Science Education & Research (IISER) - Thiruvananthapuram'),(1137,'','Indian Institute of Science (IISC) - Banglore'),(1138,'','Indian Institute of Technology (IIT) - Bombay'),(1139,'','Indian Institute of Technology (IIT) - Delhi'),(1140,'','Indian Institute of Technology (IIT) - Guwahati'),(1141,'','Indian Institute of Technology (IIT) - Hyderabad'),(1142,'','Indian Institute of Technology (IIT) - Indore'),(1143,'','Indian Institute of Technology (IIT) - Kanpur'),(1144,'','Indian Institute of Technology (IIT) - Kharagpur'),(1145,'','Indian Institute of Technology (IIT) - Madras'),(1146,'','Indian Institute of Technology (IIT) - Roorkee'),(1147,'','Indian Institute of Technology (IIT) - Ropar'),(1148,'','Indian School of Mines'),(1149,'','Inha University'),(1150,'','Inje University'),(1151,'','Inner Mongolia Agricultural University'),(1152,'','Inner Mongolia University'),(1153,'','Inner Mongolia University of Technology'),(1154,'','Inonu University'),(1155,'','INSEAD Business School'),(1156,'','Institute of Chemical Technology Prague'),(1157,'','Institute of Clinical Social Work'),(1158,'','Institute of Mathematical Sciences (IMSc) India'),(1159,'','Institute of Paper Science and Technology'),(1160,'','Institute of Textile Technology'),(1161,'','Institute of Transpersonal Psychology'),(1162,'','Institute Technology of Bandung'),(1163,'','Institut Etudes Politiques Paris'),(1164,'','Institut National Polytechnique de Grenoble'),(1165,'','Institut National Polytechnique de Lorraine'),(1166,'','Institut National Polytechnique de Toulouse'),(1167,'','Instituto Superior Psicologia Aplicada (ISPA)'),(1168,'','Instituto Universitario de Lisboa'),(1169,'','IntelliTec College - Grand Junction'),(1170,'','Interdisciplinary Center (IDC) Herzliya'),(1171,'','International Academy of  Merchandising and Design Chicago'),(1172,'','International Academy of  Merchandising and Design Tampa'),(1173,'','International Bible College'),(1174,'','International College'),(1175,'','International Islamic University Malaysia'),(1176,'','Inter-University Accelerator Centre'),(1177,'','Interuniversity Cardiology Institute of the Netherlands'),(1178,'','Inter-University Centre for Astronomy & Astrophysics'),(1179,'','Iona College'),(1180,'','Iowa State University'),(1181,'','Iowa State University of Science and Technology'),(1182,'','Iowa Wesleyan College'),(1183,'','Iran University Science & Technology'),(1184,'','Irkutsk State University'),(1185,'','Isfahan University of Technology'),(1186,'','I Shou University'),(1187,'','Istanbul Teknik University'),(1188,'','Istanbul University'),(1189,'','Ithaca College'),(1190,'','ITT Technical Institute Fort Wayne'),(1191,'','ITT Technical Institute Indianapolis'),(1192,'','ITT Technical Institute Maitland'),(1193,'','ITT Technical Institute Portland'),(1194,'','ITT Technical Institute West Covina'),(1195,'','Iuliu Hatieganu University of Medicine & Pharmacy'),(1196,'','Ivane Javakhishvili Tbilisi State University'),(1197,'','Iwate Medical University'),(1198,'','Iwate University'),(1199,'','Izmir Yuksek Teknoloji Enstitusu'),(1200,'','Jackson State University'),(1201,'','Jacksonville State University'),(1202,'','Jacksonville University'),(1203,'','Jacobs University'),(1204,'','Jadavpur University'),(1205,'','Jagiellonian University'),(1206,'','James Cook University'),(1207,'','James Madison University'),(1208,'','Jamestown College'),(1209,'','Jamia Hamdard University'),(1210,'','Jamia Millia Islamia'),(1211,'','Jan Kochanowski University'),(1212,'','Jarvis Christian College'),(1213,'','Jawaharlal Nehru University'),(1214,'','Jean Monnet University'),(1215,'','Jeju National University'),(1216,'','Jiangnan University'),(1217,'','Jiangsu Normal University'),(1218,'','Jiangsu University'),(1219,'','Jiangxi Normal University'),(1220,'','Jichi Medical University'),(1221,'','Jikei University'),(1222,'','Jilin Normal University'),(1223,'','Jilin University'),(1224,'','Jinan University'),(1225,'','Jishou University'),(1226,'','Jiwaji University'),(1227,'','Jodrell Bank Centre for Astrophysics'),(1228,'','Johannes Gutenberg University of Mainz'),(1229,'','Johannes Kepler University of Linz'),(1230,'','John Brown University'),(1231,'','John Carroll University'),(1232,'','John F. Kennedy University'),(1233,'','John Jay College of Criminal Justice (CUNY)'),(1234,'','John Marshall Law School'),(1235,'','John Paul the Great Catholic University'),(1236,'','Johns Hopkins University'),(1237,'','Johnson & Wales University'),(1238,'','Johnson & Wales University Charleston'),(1239,'','Johnson Bible College'),(1240,'','Johnson County Community College'),(1241,'','Johnson C. Smith University'),(1242,'','Johnson State College'),(1243,'','John Wesley College'),(1244,'','Jones College'),(1245,'','Jones International University'),(1246,'','Jonkoping University'),(1247,'','Jordan University of Science & Technology'),(1248,'','Joseph Fourier University'),(1249,'','Judson College Elgin'),(1250,'','Judson College Marion'),(1251,'','Juniata College'),(1252,'','Juntendo University'),(1253,'','Justus Liebig University Giessen'),(1254,'','Kafkas University'),(1255,'','Kafrelsheikh University'),(1256,'','Kagawa University'),(1257,'','Kagoshima University'),(1258,'','Kahramanmaras Sutcu Imam University'),(1259,'','Kalamazoo College'),(1260,'','Kanagawa University'),(1261,'','Kanazawa Medical University'),(1262,'','Kanazawa University'),(1263,'','Kangnung Wonju National University'),(1264,'','Kangwon National University'),(1265,'','Kankakee Community College'),(1266,'','Kansai Medical University'),(1267,'','Kansai University'),(1268,'','Kansas City Art Institute'),(1269,'','Kansas State University'),(1270,'','Kansas Wesleyan University'),(1271,'','Kaohsiung Medical University'),(1272,'','Kaplan University'),(1273,'','Karabuk University'),(1274,'','Karadeniz Teknik University'),(1275,'','Karlsruhe Institute of Technology'),(1276,'','Karlstad University'),(1277,'','Karolinska Institute'),(1278,'','Kasetsart University'),(1279,'','Katharine Gibbs School'),(1280,'','Kaunas University of Medicine'),(1281,'','Kaunas University of Technology'),(1282,'','Kawasaki Medical School'),(1283,'','Kazan Federal University'),(1284,'','Kean University of New Jersey'),(1285,'','Keck Graduate Institute of Applied Life Sciences'),(1286,'','Keele University'),(1287,'','Keene State College'),(1288,'','Keimyung University'),(1289,'','Keio University'),(1290,'','Keller Graduate School of Management'),(1291,'','Kendall College'),(1292,'','Kendall College of Art and Design'),(1293,'','Kennesaw State University'),(1294,'','Kent State University'),(1295,'','Kent State University - Ashtabula'),(1296,'','Kent State University - East Liverpool'),(1297,'','Kent State University - Salem'),(1298,'','Kent State University - Stark'),(1299,'','Kent State University - Trumbull'),(1300,'','Kent State University - Tuscarawas'),(1301,'','Kentucky Christian College'),(1302,'','Kentucky State University'),(1303,'','Kentucky Wesleyan College'),(1304,'','Kenyon College'),(1305,'','Kettering University (GMI)'),(1306,'','Keuka College'),(1307,'','Khalifa University of Science & Technology Research'),(1308,'','Khon Kaen University'),(1309,'','King Abdulaziz University'),(1310,'','King Abdullah University of Science & Technology'),(1311,'','King College'),(1312,'','King Fahd University of Petroleum & Minerals'),(1313,'','King Faisal University'),(1314,'','King Khalid University'),(1315,'','King Mongkuts Institute of Technology Ladkrabang'),(1316,'','King Mongkuts University of Technology Thonburi'),(1317,'','King Saud Bin Abdulaziz University for Health Sciences'),(1318,'','King Saud University'),(1319,'','King\'s College'),(1320,'','Kings College London'),(1321,'','Kingston University'),(1322,'','Kinki University'),(1323,'','Kirikkale University'),(1324,'','Kirksville College of Osteopathic Medicine'),(1325,'','Kirkwood Community College'),(1326,'','Kitasato University'),(1327,'','Knox College'),(1328,'','Knoxville College'),(1329,'','Kobe Gakuin University'),(1330,'','Kobe Pharmaceutical University'),(1331,'','Kobe University'),(1332,'','Kocaeli University'),(1333,'','Kochi University'),(1334,'','Koc University - Turkey'),(1335,'','Kogakuin University'),(1336,'','Kohat University of Science & Technology'),(1337,'','Konan University'),(1338,'','Kongju National University'),(1339,'','Konkuk University'),(1340,'','Kookmin University'),(1341,'','Korea National University of Transportation'),(1342,'','Korea University'),(1343,'','KU Leuven'),(1344,'','Kumamoto University'),(1345,'','Kunming Medical University'),(1346,'','Kunming University of Science & Technology'),(1347,'','Kurume University'),(1348,'','Kutztown University of Pennsylvania'),(1349,'','Kuvempu University'),(1350,'','Kuwait University'),(1351,'','Kwame Nkrumah University Science & Technology'),(1352,'','Kwangwoon University'),(1353,'','Kwansei Gakuin University'),(1354,'','Kyorin University'),(1355,'','Kyoto Institute of Technology'),(1356,'','Kyoto Pharmaceutical University'),(1357,'','Kyoto Prefectural University'),(1358,'','Kyoto Prefectural University of Medicine'),(1359,'','Kyoto Sangyo University'),(1360,'','Kyoto University'),(1361,'','Kyung Hee University'),(1362,'','Kyungpook National University'),(1363,'','Kyushu Institute of Technology'),(1364,'','Kyushu University'),(1365,'','Laboratory Institute of Merchandising'),(1366,'','Lafayette College'),(1367,'','Lagrange College'),(1368,'','Lahore University of Management Sciences'),(1369,'','Lake Erie College'),(1370,'','Lake Forest College'),(1371,'','Lake Forest Graduate School of Management'),(1372,'','Lakehead University'),(1373,'','Lakeland College'),(1374,'','Lake Superior State University'),(1375,'','Lakeview College of Nursing'),(1376,'','Lamar University'),(1377,'','Lamar University - Port Arthur'),(1378,'','Lambuth University'),(1379,'','Lancaster Bible College'),(1380,'','Lancaster University'),(1381,'','Lander University'),(1382,'','Lane College'),(1383,'','Langston University'),(1384,'','Lanzhou Jiaotong University'),(1385,'','Lanzhou University'),(1386,'','Lanzhou University of Technology'),(1387,'','Lappeenranta University of Technology'),(1388,'','La Roche College'),(1389,'','La Salle University'),(1390,'','Lasell College'),(1391,'','La Sierra University'),(1392,'','La Trobe University'),(1393,'','Laurentian University'),(1394,'','Laurus Technical Institute'),(1395,'','Lawrence Technological University'),(1396,'','Lawrence University'),(1397,'','Lebanese American University'),(1398,'','Lebanese University'),(1399,'','Lebanon Valley College'),(1400,'','Leeds Metropolitan University'),(1401,'','Lees-McRae College'),(1402,'','Lee University'),(1403,'','Lehigh University'),(1404,'','Lehigh Univervsity'),(1405,'','Lehman College (CUNY)'),(1406,'','Leiden University'),(1407,'','Le Moyne College'),(1408,'','Le Moyne-Owen College'),(1409,'','Lenoir-Rhyne College'),(1410,'','Lesley University'),(1411,'','Letourneau University'),(1412,'','Leuphana University Luneburg'),(1413,'','Lewis & Clark Community College'),(1414,'','Lewis and Clark College'),(1415,'','Lewis-Clark State College'),(1416,'','Lewis University'),(1417,'','Liaocheng University'),(1418,'','Liaoning Normal University'),(1419,'','Liaoning Shihua University'),(1420,'','Liaoning University'),(1421,'','Liaoning University of Technology'),(1422,'','Liberty University'),(1423,'','Life Chiropractic College West'),(1424,'','Life University'),(1425,'','Limestone College'),(1426,'','Lincoln Memorial University'),(1427,'','Lincoln University'),(1428,'','Lincoln University Missouri'),(1429,'','Lincoln University Pennsylvania'),(1430,'','Lincoln University San Francisco'),(1431,'','Lindenwood University'),(1432,'','Lindsey Wilson College'),(1433,'','Linfield College'),(1434,'','Lingnan University'),(1435,'','Linkoping University'),(1436,'','Linnaeus University'),(1437,'','Lipscomb University'),(1438,'','Liverpool John Moores University'),(1439,'','Livingstone College'),(1440,'','LN Gumilyov Eurasian National University'),(1441,'','Lobachevsky State University Nizhni Novgorod'),(1442,'','Lock Haven University of Pennsylvania'),(1443,'','Logan College of Chiropractic'),(1444,'','Loma Linda University'),(1445,'','Lomonosov Moscow State University'),(1446,'','London Business School'),(1447,'','London Metropolitan University'),(1448,'','London School Economics & Political Science'),(1449,'','London South Bank University'),(1450,'','Long Island University'),(1451,'','Long Island University C.W. Post Campus'),(1452,'','Long Island University Southampton College'),(1453,'','Longwood College'),(1454,'','Loras College'),(1455,'','Los Angeles College of Chiropractic'),(1456,'','Loughborough University'),(1457,'','Louisiana Baptist University'),(1458,'','Louisiana College'),(1459,'','Louisiana State University'),(1460,'','Louisiana State University and Agricultural and Mechanical College'),(1461,'','Louisiana State University at Alexandria'),(1462,'','Louisiana State University at Eunice'),(1463,'','Louisiana State University Health Sciences Center New Orleans'),(1464,'','Louisiana State University in Shreveport'),(1465,'','Louisiana Tech University'),(1466,'','Lourdes College'),(1467,'','Loyola College - India'),(1468,'','Loyola College in Maryland'),(1469,'','Loyola Marymount University'),(1470,'','Loyola University Chicago'),(1471,'','Loyola University New Orleans'),(1472,'','Loyola University of Chicago'),(1473,'','Lubbock Christian University'),(1474,'','Lublin University of Technology'),(1475,'','Lucknow University'),(1476,'','Ludong University'),(1477,'','Lulea University of Technology'),(1478,'','Lund University'),(1479,'','Lutheran Bible Institute of Seattle'),(1480,'','Luther College'),(1481,'','Lycoming College'),(1482,'','Lynchburg College'),(1483,'','Lyndon State College'),(1484,'','Lynn University'),(1485,'','Lyon College'),(1486,'','Maastricht University'),(1487,'','Macalester College'),(1488,'','Macau University of Science & Technology'),(1489,'','MacMurray College'),(1490,'','Macon State College'),(1491,'','Macquarie University'),(1492,'','Madison University (Distance Education)'),(1493,'','Madonna University'),(1494,'','Madurai Kamaraj University'),(1495,'','Mae Fah Luang University'),(1496,'','Magna Graecia University of Catanzaro'),(1497,'','Maharaja Sayajirao University Baroda'),(1498,'','Maharishi University of Management'),(1499,'','Mahasarakham University'),(1500,'','Mahatma Gandhi University'),(1501,'','Mahidol University'),(1502,'','Maine College of Art'),(1503,'','Maine Maritime Academy'),(1504,'','Makerere University'),(1505,'','Malardalen University'),(1506,'','Malmo University'),(1507,'','Malone College'),(1508,'','Manchester College'),(1509,'','Manchester Metropolitan University'),(1510,'','Mangalore University'),(1511,'','Manhattan Christian College'),(1512,'','Manhattan College'),(1513,'','Manhattan School of Music'),(1514,'','Manhattanville College'),(1515,'','Manipal University'),(1516,'','Mankato State University'),(1517,'','Mansfield University of Pennsylvania'),(1518,'','Mansoura University'),(1519,'','Maranatha Baptist Bible College'),(1520,'','Marche Polytechnic University'),(1521,'','Maria Curie Skodowska University'),(1522,'','Marian College'),(1523,'','Marian College of Fond Du Lac'),(1524,'','Marietta College'),(1525,'','Marist College'),(1526,'','Marlboro College'),(1527,'','Marmara University'),(1528,'','Marquette University'),(1529,'','Marshall University'),(1530,'','Mars Hill College'),(1531,'','Martin Luther College'),(1532,'','Martin Luther University Halle Wittenberg'),(1533,'','Martin Methodist College'),(1534,'','Martin University'),(1535,'','Mary Baldwin College'),(1536,'','Marycrest International University'),(1537,'','Marygrove College'),(1538,'','Marylhurst University'),(1539,'','Marymount College New York'),(1540,'','Marymount Manhattan College'),(1541,'','Marymount University'),(1542,'','Maryville College'),(1543,'','Maryville University of St. Louis'),(1544,'','Mary Washington College'),(1545,'','Marywood University'),(1546,'','Masaryk University Brno'),(1547,'','Massachusetts College of Art'),(1548,'','Massachusetts College of Liberal Arts'),(1549,'','Massachusetts College of Pharmacy and Allied Health Sciences'),(1550,'','Massachusetts Institute of Technology'),(1551,'','Massachusetts Institute of Technology (MIT)'),(1552,'','Massachusetts Maritime Academy'),(1553,'','Massachusetts School of Professional Psychology'),(1554,'','Massey University'),(1555,'','Maulana Azad Medical College'),(1556,'','Mayo Graduate School'),(1557,'','Mayo Medical School'),(1558,'','Mayville State University'),(1559,'','Mbarara University of Science & Technology'),(1560,'','McGill University'),(1561,'','McKendree College'),(1562,'','McMaster University'),(1563,'','McMurry University'),(1564,'','McNeese State University'),(1565,'','McPherson College'),(1566,'','Medaille College'),(1567,'','Medcenter One College of Nursing'),(1568,'','Medical College of Georgia'),(1569,'','Medical College of Ohio'),(1570,'','Medical College of Pennsylvania and Hahnemann University'),(1571,'','Medical College of Wisconsin'),(1572,'','Medical University Gdansk'),(1573,'','Medical University Lodz'),(1574,'','Medical University of Graz'),(1575,'','Medical University of Innsbruck'),(1576,'','Medical University of Lublin'),(1577,'','Medical University of South Carolina'),(1578,'','Medical University of Vienna'),(1579,'','Medical University Silesia'),(1580,'','Medical University Sofia'),(1581,'','Medical University Warsaw'),(1582,'','Meharry Medical College'),(1583,'','Meiji University'),(1584,'','Meijo University'),(1585,'','Memorial University Newfoundland'),(1586,'','Memphis College of Art'),(1587,'','Mendeleyev University of Chemical Technology'),(1588,'','Mendel University Brno'),(1589,'','Menlo College'),(1590,'','Mennonite College of Nursing'),(1591,'','Menofia University'),(1592,'','Mercer University'),(1593,'','Mercer University Cecil B. Day Campus'),(1594,'','Mercy College'),(1595,'','Mercyhurst College'),(1596,'','Meredith College'),(1597,'','Merrimack College'),(1598,'','Mersin University'),(1599,'','Mesa State College'),(1600,'','Messiah College'),(1601,'','Methodist College'),(1602,'','Metropolitan Autonomous University - Mexico'),(1603,'','Metropolitan State College of Denver'),(1604,'','Metropolitan State University'),(1605,'','MGH Institute of Health Professions'),(1606,'','Miami Dade College'),(1607,'','Miami University'),(1608,'','Miami University of Ohio'),(1609,'','Miami University of Ohio - Hamilton'),(1610,'','Miami University of Ohio - Middletown'),(1611,'','Michigan School of Professional Psychology'),(1612,'','Michigan State University'),(1613,'','Michigan Technological University'),(1614,'','Mid-America Nazarene University'),(1615,'','Mid-American Bible College'),(1616,'','Mid-Continent Baptist Bible College'),(1617,'','Middlebury College'),(1618,'','Middlesex University'),(1619,'','Middle Tennessee State University'),(1620,'','Midland Lutheran College'),(1621,'','Mid-Sweden University'),(1622,'','Midway College'),(1623,'','Midwestern State University'),(1624,'','Midwestern University'),(1625,'','Mie University'),(1626,'','Miles College'),(1627,'','Millennia Atlantic University'),(1628,'','Millersville University of Pennsylvania'),(1629,'','Milligan College'),(1630,'','Millikin University'),(1631,'','Millsaps College'),(1632,'','Mills College'),(1633,'','Mills Grae University'),(1634,'','Milwaukee Institute of Art and Design'),(1635,'','Milwaukee School of Engineering'),(1636,'','Mimar Sinan Guzel Sanatlar University'),(1637,'','MINES ParisTech'),(1638,'','Ming Chuan University'),(1639,'','Mingdao University'),(1640,'','MinNan Normal University'),(1641,'','Minneapolis College of Art and Design'),(1642,'','Minnesota Bible College'),(1643,'','Minnesota School of Professional Psychology'),(1644,'','Minot State University'),(1645,'','Minzu University China'),(1646,'','Mississippi College'),(1647,'','Mississippi State University'),(1648,'','Mississippi University for Women'),(1649,'','Mississippi Valley State University'),(1650,'','Missouri Baptist College'),(1651,'','Missouri Southern State College'),(1652,'','Missouri Tech'),(1653,'','Missouri University of Science and Technology'),(1654,'','Missouri University Science & Technology'),(1655,'','Missouri Valley College'),(1656,'','Missouri Western State College'),(1657,'','Moi University'),(1658,'','Molloy College'),(1659,'','Monash University'),(1660,'','Monash University Sunway'),(1661,'','Monmouth University'),(1662,'','Montana State University'),(1663,'','Montana State University - Billings'),(1664,'','Montana State University Bozeman'),(1665,'','Montana State University - Northern'),(1666,'','Montana Tech'),(1667,'','Montclair State University'),(1668,'','Monterey Institute of International Studies'),(1669,'','Monterrey Institute for Technology & Higher Education'),(1670,'','Montreat College'),(1671,'','Montserrat College of Art'),(1672,'','Moody Bible Institute'),(1673,'','Moore College of Art and Design'),(1674,'','Moorhead State University'),(1675,'','Moraine Valley Community College'),(1676,'','Moravian College'),(1677,'','Morehead State University'),(1678,'','Morehouse College'),(1679,'','Morehouse School of Medicine'),(1680,'','Morgan State University'),(1681,'','Morningside College'),(1682,'','Morris Brown College'),(1683,'','Morris College'),(1684,'','Morrison College'),(1685,'','Moscow Engineering Physics Institute'),(1686,'','Moscow Institute of Physics & Technology'),(1687,'','Moscow Institute of Steel & Alloys'),(1688,'','Motilal Nehru Institute of Technology'),(1689,'','Mountain State University'),(1690,'','Mount Allison University'),(1691,'','Mount Aloysius College'),(1692,'','Mount Carmel College of Nursing'),(1693,'','Mount Holyoke College'),(1694,'','Mount Ida College'),(1695,'','Mount Marty College'),(1696,'','Mount Mary College'),(1697,'','Mount Mercy College'),(1698,'','Mount Olive College'),(1699,'','Mount Senario College'),(1700,'','Mount Sinai School of Medicine'),(1701,'','Mount St. Clare College'),(1702,'','Mount St. Mary College'),(1703,'','Mount St. Mary\'s College California'),(1704,'','Mount St. Mary\'s College Maryland'),(1705,'','Mount Union College'),(1706,'','Mount Vernon College'),(1707,'','Mount Vernon Nazarene College'),(1708,'','Mugla University'),(1709,'','Muhlenberg College'),(1710,'','Multimedia University'),(1711,'','Multnomah Bible College'),(1712,'','Murdoch University'),(1713,'','Muroran Institute of Technology'),(1714,'','Murray State University'),(1715,'','Muskingum College'),(1716,'','Mustafa Kemal University'),(1717,'','Myongji University'),(1718,'','NAES College'),(1719,'','Nagaoka University of Technology'),(1720,'','Nagasaki University'),(1721,'','Nagoya City University'),(1722,'','Nagoya Institute of Technology'),(1723,'','Nagoya University'),(1724,'','Nagpur University'),(1725,'','Namik Kemal University'),(1726,'','Nanchang University'),(1727,'','Nanjing Agricultural University'),(1728,'','Nanjing Forestry University'),(1729,'','Nanjing Medical University'),(1730,'','Nanjing Normal University'),(1731,'','Nanjing University'),(1732,'','Nanjing University of Aeronautics & Astronautics'),(1733,'','Nanjing University of Information Science & Technology'),(1734,'','Nanjing University of Posts & Telecommunications'),(1735,'','Nanjing University of Science & Technology'),(1736,'','Nanjing University of Technology'),(1737,'','Nankai University'),(1738,'','Nan Kai University Technology'),(1739,'','Nantong University'),(1740,'','Nanyang Technological University'),(1741,'','Napier University'),(1742,'','Nara Institute of Science & Technology'),(1743,'','Nara Medical University'),(1744,'','Nara Womens University'),(1745,'','Naresuan University'),(1746,'','National American University'),(1747,'','National American University Albuquerque'),(1748,'','National American University Colorado Springs'),(1749,'','National American University Denver'),(1750,'','National American University Kansas City'),(1751,'','National American University Roseville'),(1752,'','National American University Sioux Falls'),(1753,'','National Autonomous University of Mexico'),(1754,'','National Central University'),(1755,'','National Chengchi University'),(1756,'','National Cheng Kung University'),(1757,'','National Chiao Tung University'),(1758,'','National Chiayi University'),(1759,'','National Chi Nan University'),(1760,'','National Chung Cheng University'),(1761,'','National Chung Hsing University'),(1762,'','National College of Chiropractic'),(1763,'','National College of Naturopathic Medicine'),(1764,'','National Defence Academy - Japan'),(1765,'','National Defense Medical College - Japan'),(1766,'','National Defense University'),(1767,'','National Dong Hwa University'),(1768,'','National Hispanic University'),(1769,'','National Institute of Education (NIE) Singapore'),(1770,'','National Institute of Technology Karnataka'),(1771,'','National Institute Technology Tiruchirappalli'),(1772,'','National Kaohsiung University of Applied Sciences'),(1773,'','National-Louis University'),(1774,'','National Polytechnic Institute - Mexico'),(1775,'','National Research University - Higher School of Economics'),(1776,'','National Sun Yat Sen University'),(1777,'','National Taipei University'),(1778,'','National Taipei University of Technology'),(1779,'','National Taiwan Normal University'),(1780,'','National Taiwan Ocean University'),(1781,'','National Taiwan University'),(1782,'','National Taiwan University of Science & Technology'),(1783,'','National Technical University of Athens'),(1784,'','National Technical University Ukraine Kiev Polytechnic Institute'),(1785,'','National Technological University'),(1786,'','National Theatre Conservatory'),(1787,'','National Tsing Hua University'),(1788,'','National University'),(1789,'','National University Kaohsiung'),(1790,'','National University of Cordoba'),(1791,'','National University of Defence Technology - China'),(1792,'','National University of Ireland (NUI) Galway'),(1793,'','National University of Ireland (NUI) Maynooth'),(1794,'','National University of La Plata'),(1795,'','National University of Mar del Plata'),(1796,'','National University of Rosario'),(1797,'','National University of San Luis'),(1798,'','National University of San Marcos'),(1799,'','National University of Sciences & Technology - Pakistan'),(1800,'','National University of Singapore'),(1801,'','National University of the Littoral'),(1802,'','National University of the South'),(1803,'','National University Tainan'),(1804,'','National Yang Ming University'),(1805,'','Naval Postgraduate School'),(1806,'','Nazarene Bible College'),(1807,'','Nazareth College'),(1808,'','Nebraska Christian College'),(1809,'','Nebraska Methodist College of Nursing and Allied Health'),(1810,'','Nebraska Wesleyan University'),(1811,'','Nelson Mandela Metropolitan University'),(1812,'','Neumann College'),(1813,'','Nevsehir University'),(1814,'','Newberry College'),(1815,'','Newcastle University'),(1816,'','New College of California'),(1817,'','New College of Florida'),(1818,'','New England College'),(1819,'','New England College of Optometry'),(1820,'','New England Conservatory of Music'),(1821,'','New England Institute of Technology'),(1822,'','New England School of Art and Design'),(1823,'','New England School of Communications'),(1824,'','New England School of Law'),(1825,'','New Hampshire College'),(1826,'','New Jersey City University'),(1827,'','New Jersey Institute of Technology'),(1828,'','Newman University'),(1829,'','New Mexico Highlands University'),(1830,'','New Mexico Institute of Mining and Technology'),(1831,'','New Mexico Institute of Mining Technology'),(1832,'','New Mexico State University'),(1833,'','Newschool of Architecture and Design'),(1834,'','New York Academy of Art Graduate School of Figurative Art'),(1835,'','New York Chiropractic College'),(1836,'','New York College of Podiatric Medicine'),(1837,'','New York Film Academy'),(1838,'','New York Institute of Technology'),(1839,'','New York Law School'),(1840,'','New York Medical College'),(1841,'','New York School of Interior Design'),(1842,'','New York University'),(1843,'','Niagara University'),(1844,'','Nicholls State University'),(1845,'','Nichols College'),(1846,'','Nicolaus Copernicus University'),(1847,'','Nigde University'),(1848,'','Nihon University'),(1849,'','Niigata University'),(1850,'','Ningbo University'),(1851,'','Ningxia University'),(1852,'','Nippon Dental University'),(1853,'','Nippon Medical School'),(1854,'','Norfolk State University'),(1855,'','North Carolina Agricultural and Technical State University'),(1856,'','North Carolina A&T State University'),(1857,'','North Carolina Central University'),(1858,'','North Carolina School of the Arts'),(1859,'','North Carolina State University'),(1860,'','North Carolina Wesleyan College'),(1861,'','North Central Bible College'),(1862,'','North Central College'),(1863,'','Northcentral University'),(1864,'','North China Electric Power University'),(1865,'','North Dakota State University'),(1866,'','North Dakota State University Fargo'),(1867,'','North Eastern Hill University'),(1868,'','Northeastern Illinois University'),(1869,'','Northeastern Ohio University College of Medicine'),(1870,'','Northeastern State University'),(1871,'','Northeastern University'),(1872,'','Northeastern University - China'),(1873,'','Northeast Forestry University - China'),(1874,'','Northeast Normal University - China'),(1875,'','Northern Arizona University'),(1876,'','Northern Illinois University'),(1877,'','Northern Kentucky University'),(1878,'','Northern Michigan University'),(1879,'','Northern State University'),(1880,'','Northern Virginia Community College'),(1881,'','Northface University'),(1882,'','North Georgia College'),(1883,'','North Greenville College'),(1884,'','Northland College'),(1885,'','North Maharashtra University'),(1886,'','North Park University'),(1887,'','Northumbria University'),(1888,'','North University of China'),(1889,'','Northwest A&F University - China'),(1890,'','Northwest Christian College'),(1891,'','Northwest College of Art'),(1892,'','Northwestern College Iowa'),(1893,'','Northwestern College of Chiropractic'),(1894,'','Northwestern College St. Paul'),(1895,'','Northwestern Oklahoma State University'),(1896,'','Northwestern Polytechnic University - China'),(1897,'','Northwestern State University of Louisiana'),(1898,'','Northwestern University'),(1899,'','Northwest Missouri State University'),(1900,'','Northwest Nazarene University'),(1901,'','Northwest Normal University - China'),(1902,'','Northwest University'),(1903,'','North West University - South Africa'),(1904,'','Northwest University Xian'),(1905,'','Northwood University'),(1906,'','Northwood University Florida Campus'),(1907,'','Northwood University Texas Campus'),(1908,'','Norwegian School of Sport Sciences'),(1909,'','Norwegian University of Life Sciences'),(1910,'','Norwegian University of Science & Technology'),(1911,'','Norwich University'),(1912,'','Notre Dame College'),(1913,'','Notre Dame College of Ohio'),(1914,'','Notre Dame de Namur University'),(1915,'','Nottingham Trent University'),(1916,'','Nova Southeastern University'),(1917,'','Novosibirsk State University'),(1918,'','Nyack College'),(1919,'','Oakland City University'),(1920,'','Oakland University'),(1921,'','Oakton Community College'),(1922,'','Oakwood College'),(1923,'','Obafemi Awolowo University'),(1924,'','Oberlin College'),(1925,'','Obihiro University of Agriculture & Veterinary Medicine'),(1926,'','Occidental College'),(1927,'','Ocean University of China'),(1928,'','Ochanomizu University'),(1929,'','Oglala Lakota College'),(1930,'','Oglethorpe University'),(1931,'','Ohio College of Podiatric Medicine'),(1932,'','Ohio Dominican College'),(1933,'','Ohio Northern University'),(1934,'','Ohio State University'),(1935,'','Ohio State University - Lima'),(1936,'','Ohio State University - Mansfield'),(1937,'','Ohio State University - Marion'),(1938,'','Ohio State University - Newark'),(1939,'','Ohio University'),(1940,'','Ohio University - Chillicothe'),(1941,'','Ohio University - Eastern'),(1942,'','Ohio University - Lancaster'),(1943,'','Ohio University - Southern'),(1944,'','Ohio University - Zanesville'),(1945,'','Ohio Valley College'),(1946,'','Ohio Wesleyan University'),(1947,'','Oita University'),(1948,'','Okayama University'),(1949,'','Okayama University of Science'),(1950,'','Oklahoma Baptist University'),(1951,'','Oklahoma Christian University'),(1952,'','Oklahoma City University'),(1953,'','Oklahoma Panhandle State University'),(1954,'','Oklahoma State University'),(1955,'','Oklahoma State University Center for Health Sciences'),(1956,'','Oklahoma State University - Institute of Technology'),(1957,'','Oklahoma State University - Oklahoma City'),(1958,'','Oklahoma State University - Stillwater'),(1959,'','Oklahoma State University - Tulsa'),(1960,'','Old Dominion University'),(1961,'','Olive-Harvey College'),(1962,'','Olivet College'),(1963,'','Olivet Nazarene University'),(1964,'','O\'More College of Design'),(1965,'','Ondokuz Mayis University'),(1966,'','Open University Netherlands'),(1967,'','Open University - UK'),(1968,'','Oral Roberts University'),(1969,'','Orebro University'),(1970,'','Oregon College of Arts and Crafts'),(1971,'','Oregon Graduate Institute of Science and Technology'),(1972,'','Oregon Health Sciences University'),(1973,'','Oregon Institute of Technology'),(1974,'','Oregon State University'),(1975,'','Orta Dogu Teknik University'),(1976,'','Osaka City University'),(1977,'','Osaka Institute of Technology'),(1978,'','Osaka Medical Center for Cancer & Cardiovascular Diseases'),(1979,'','Osaka Prefecture University'),(1980,'','Osaka University'),(1981,'','Osmania University'),(1982,'','Otis College of Art & Design'),(1983,'','Ottawa University'),(1984,'','Otterbein College'),(1985,'','Otto von Guericke University'),(1986,'','Ouachita Baptist University'),(1987,'','Our Lady of Holy Cross College'),(1988,'','Our Lady of the Lake University'),(1989,'','Ovidius University'),(1990,'','Oxford Brookes University'),(1991,'','Ozark Christian College'),(1992,'','Ozyegin University'),(1993,'','Pace University'),(1994,'','Pace University  Pleasantville/Briarcliff'),(1995,'','Pacifica Graduate Institute'),(1996,'','Pacific College of Oriental Medicine'),(1997,'','Pacific Graduate School of Psychology'),(1998,'','Pacific Lutheran University'),(1999,'','Pacific Northwest College of Art'),(2000,'','Pacific Oaks College'),(2001,'','Pacific Union College'),(2002,'','Pacific University'),(2003,'','Paier College of Art'),(2004,'','Paine College'),(2005,'','Pakistan Institute of Engineering & Applied Science'),(2006,'','Palacky University Olomouc'),(2007,'','Palm Beach Atlantic University'),(2008,'','Palm Beach State College'),(2009,'','Palmer College of Chiropractic'),(2010,'','Palmer College of Chiropractic West'),(2011,'','Pamukkale University'),(2012,'','Panjab University'),(2013,'','Paracelsus Private Medical University'),(2014,'','Park College'),(2015,'','Parsons School of Design'),(2016,'','Paul Quinn College'),(2017,'','Peace College'),(2018,'','Pebble Hills University'),(2019,'','Peking University'),(2020,'','Penn State University'),(2021,'','Pennsylvania Academy of the Fine Arts'),(2022,'','Pennsylvania College of Optometry'),(2023,'','Pennsylvania Institute of Technology'),(2024,'','Pennsylvania State University'),(2025,'','Pennsylvania State University - Abington'),(2026,'','Pennsylvania State University - Altoona'),(2027,'','Pennsylvania State University at Erie - Behrend College'),(2028,'','Pennsylvania State University at Harrisburg - The Capital College'),(2029,'','Pennsylvania State University - Berks-Lehigh Valley College'),(2030,'','Pennsylvania State University Delaware County'),(2031,'','Pennsylvania State University Great Valley'),(2032,'','Pennsylvania State University - Lehigh Valley'),(2033,'','Pennsylvania State University - Milton S.Hershey Medical Center'),(2034,'','Pennsylvania State University - Schuylkill'),(2035,'','Peoples Friendship University of Russia'),(2036,'','Pepperdine University'),(2037,'','Peru State College'),(2038,'','Pfeiffer University'),(2039,'','Philadelphia College of Bible'),(2040,'','Philadelphia College of Osteopathic Medicine'),(2041,'','Philadelphia University'),(2042,'','Philander Smith College'),(2043,'','Philipps University Marburg'),(2044,'','Phillips Graduate Institute'),(2045,'','Phillips University'),(2046,'','Phramongkutklao College of Medicine'),(2047,'','Piedmont Baptist College'),(2048,'','Piedmont College'),(2049,'','Pierre & Marie Curie University - Paris 6'),(2050,'','Pierre Mendes-France University - Grenoble II'),(2051,'','Pikeville College'),(2052,'','Pillsbury Baptist Bible College'),(2053,'','Pittsburg State University'),(2054,'','Pitzer College'),(2055,'','Plovdiv University'),(2056,'','Plymouth State College'),(2057,'','Pochon Cha University'),(2058,'','Point Loma Nazarene College'),(2059,'','Point Park College'),(2060,'','Polytechnic Institute of Lisbon'),(2061,'','Polytechnic Institute of Porto'),(2062,'','Polytechnic University'),(2063,'','Polytechnic University Long Island Campus'),(2064,'','Polytechnic University of Bucharest'),(2065,'','Polytechnic University of Catalonia'),(2066,'','Polytechnic University of Madrid'),(2067,'','Polytechnic University of Milan'),(2068,'','Polytechnic University of Timisoara'),(2069,'','Polytechnic University of Turin'),(2070,'','Polytechnic University of Valencia'),(2071,'','Polytechnic University Westchester Graduate Center'),(2072,'','Polytechnique Montreal'),(2073,'','Pomona College'),(2074,'','Pompeu Fabra University'),(2075,'','Pondicherry University'),(2076,'','Pontifical Catholic University of Peru'),(2077,'','Pontifical University of Javeriana'),(2078,'','Pontificia Universidad Catolica de Chile'),(2079,'','Pontificia Universidad Catolica de Valparaiso'),(2080,'','Pontificia Universidade Catolica do Parana'),(2081,'','Pontificia Universidade Catolica do Rio de Janeiro'),(2082,'','Pontificia Universidade Catolica Do Rio Grande Do Sul'),(2083,'','Portland Community College'),(2084,'','Portland State University'),(2085,'','Post University of Waterbury'),(2086,'','Poznan University of Life Sciences'),(2087,'','Poznan University of Medical Sciences'),(2088,'','Poznan University of Technology'),(2089,'','Prairie View Agricultural and Mechanical University'),(2090,'','Pratt Institute'),(2091,'','Presbyterian College'),(2092,'','Prescott College'),(2093,'','Prescott College Center for Indian Bilingual Teacher Education'),(2094,'','Preston University'),(2095,'','Prince Songkla University'),(2096,'','Princeton University'),(2097,'','Principia College'),(2098,'','Providence College'),(2099,'','Providence University - Taiwan'),(2100,'','Puget Sound Christian College'),(2101,'','Pukyong National University'),(2102,'','Punjabi University'),(2103,'','Purdue University'),(2104,'','Purdue University Calumet'),(2105,'','Purdue University North Central'),(2106,'','Pusan National University'),(2107,'','Putra University Malaysia'),(2108,'','Qassim University'),(2109,'','Qingdao Technology University'),(2110,'','Qingdao University'),(2111,'','Qingdao University of Science & Technology'),(2112,'','Quaid I Azam University'),(2113,'','Quantum-Veritas International University'),(2114,'','Queen Mary University London'),(2115,'','Queens College'),(2116,'','Queens College NY (CUNY)'),(2117,'','Queensland University of Technology'),(2118,'','Queens University Belfast'),(2119,'','Queens University - Canada'),(2120,'','Qufu Normal University'),(2121,'','Quincy University'),(2122,'','Quinnipiac College'),(2123,'','Radboud University Nijmegen'),(2124,'','Radford University'),(2125,'','Ramapo College of New Jersey'),(2126,'','Rand Graduate School of Policy Studies'),(2127,'','Randolph-Macon College'),(2128,'','Randolph-Macon Woman\'s College'),(2129,'','Rasmussen College'),(2130,'','Rasmussen College Florida Campuses'),(2131,'','Rasmussen College Illinois Campuses'),(2132,'','Rasmussen College Minnesota Campuses'),(2133,'','Rasmussen College North Dakota Campuses'),(2134,'','Rasmussen College Wisconsin Campuses'),(2135,'','Reed College'),(2136,'','Reformed Bible College'),(2137,'','Regent International University'),(2138,'','Regent University'),(2139,'','Regis College'),(2140,'','Regis University'),(2141,'','Reinhardt College'),(2142,'','Renmin University of China'),(2143,'','Rensselaer Polytechnic Institute'),(2144,'','Research College of Nursing - Rockhurst University'),(2145,'','Reykjavik University'),(2146,'','Rhode Island College'),(2147,'','Rhode Island School of Design'),(2148,'','Rhodes College'),(2149,'','Rhodes University'),(2150,'','Rice University'),(2151,'','Richard Stockton College of New Jersey'),(2152,'','Rider University'),(2153,'','Riga Stradins University'),(2154,'','Riga Technical University'),(2155,'','Rikkyo University'),(2156,'','Ringling College of Art and Design'),(2157,'','Ripon College'),(2158,'','Ritsumeikan University'),(2159,'','Rivier College'),(2160,'','Roanoke Bible College'),(2161,'','Roanoke College'),(2162,'','Robert Gordon University'),(2163,'','Robert Morris College'),(2164,'','Robert Morris College of Chicago'),(2165,'','Roberts Wesleyan College'),(2166,'','Rochester College'),(2167,'','Rochester Institute of Technology'),(2168,'','Rockefeller University'),(2169,'','Rockford College'),(2170,'','Rockhurst College'),(2171,'','Rock Valley College'),(2172,'','Rocky Mountain College'),(2173,'','Rocky Mountain College of Art and Design'),(2174,'','Roehampton University'),(2175,'','Rogers State University'),(2176,'','Roger Williams University'),(2177,'','Rollins College'),(2178,'','Roma Tre University'),(2179,'','Roosevelt University'),(2180,'','Rose-Hulman Institute of Technology'),(2181,'','Rosemont College'),(2182,'','Roskilde University'),(2183,'','Ross University School of Medicine'),(2184,'','Rowan University'),(2185,'','Royal College of Surgeons - Ireland'),(2186,'','Royal Holloway University London'),(2187,'','Royal Institute of Technology'),(2188,'','Royal Melbourne Institute of Technology (RMIT)'),(2189,'','Royal Military College - Canada'),(2190,'','Ruhr University Bochum'),(2191,'','Ruprecht Karl University Heidelberg'),(2192,'','Rush University'),(2193,'','Russel Sage College'),(2194,'','Rust College'),(2195,'','Rutgers State University'),(2196,'','Rutgers State University Camden'),(2197,'','Rutgers State University Medical Center'),(2198,'','Rutgers State University Newark'),(2199,'','RWTH Aachen University'),(2200,'','Ryerson University'),(2201,'','Rzeszow University of Technology'),(2202,'','Saarland University'),(2203,'','Sabanci University'),(2204,'','Sacred Heart University'),(2205,'','Saga University'),(2206,'','Sage Graduate School'),(2207,'','Saginaw Valley State University'),(2208,'','Saint Francis Xavier University - Canada'),(2209,'','Saint Johns University'),(2210,'','Saint Louis University'),(2211,'','Saint Marianna University'),(2212,'','Saint Marys University - Canada'),(2213,'','Saint Petersburg State Polytechnic University'),(2214,'','Saint Petersburg State University'),(2215,'','Saint Petersburg State University of Information Technologies Mechanics and Optics'),(2216,'','Saitama Medical University'),(2217,'','Saitama University'),(2218,'','Sakarya University'),(2219,'','Salem College'),(2220,'','Salem International University'),(2221,'','Salem State College'),(2222,'','Salem Teikyo University'),(2223,'','Salisbury State University'),(2224,'','Salve Regina University'),(2225,'','Salzburg University'),(2226,'','Samford University'),(2227,'','Sam Houston State University'),(2228,'','Samuel Merritt College'),(2229,'','Sanaa University'),(2230,'','San Diego State University'),(2231,'','San Diego University for Integrative Studies'),(2232,'','Sanford-Brown Institute'),(2233,'','San Francisco Art Institute'),(2234,'','San Francisco Conservatory of Music'),(2235,'','San Francisco State University'),(2236,'','Sang Myung University'),(2237,'','San Joaquin College of Law'),(2238,'','San Jose Christian College'),(2239,'','San Jose State University'),(2240,'','San Pablo CEU University'),(2241,'','Santa Clara University'),(2242,'','Sapienza University Rome'),(2243,'','Sapporo Medical University'),(2244,'','Sarah Lawrence College'),(2245,'','Saratov State University'),(2246,'','Sardar Patel University'),(2247,'','Savannah College of Art and Design'),(2248,'','Savannah State University'),(2249,'','Saybrook Institute'),(2250,'','Schiller International University'),(2251,'','Scholl College of Podiatric Medicine'),(2252,'','School for International Training'),(2253,'','School of the Museum of Fine Arts'),(2254,'','School of the Visual Arts'),(2255,'','Schreiner College'),(2256,'','Scripps College'),(2257,'','Scuola Normale Superiore di Pisa'),(2258,'','Seattle Pacific University'),(2259,'','Seattle University'),(2260,'','Sechenov Moscow Medical Academy'),(2261,'','Seconda Universita degli Studi di Napoli'),(2262,'','Second Military Medical University'),(2263,'','Sejong University'),(2264,'','Selcuk University'),(2265,'','Semmelweis University'),(2266,'','Seoul National University'),(2267,'','Seton Hall University'),(2268,'','Seton Hill College'),(2269,'','Shaanxi Normal University'),(2270,'','Shaanxi University of Science & Technology'),(2271,'','Shahid Beheshti University Medical Sciences'),(2272,'','Shandong Agricultural University'),(2273,'','Shandong Normal University'),(2274,'','Shandong Polytechnic University'),(2275,'','Shandong University'),(2276,'','Shandong University of Science & Technology'),(2277,'','Shanghai Jiao Tong University'),(2278,'','Shanghai Normal University'),(2279,'','Shanghai University'),(2280,'','Shanghai University of Science & Technology'),(2281,'','Shanghai University of Traditional Chinese Medicine & Pharmacology'),(2282,'','Shantou University'),(2283,'','Shanxi Medical University'),(2284,'','Shanxi Normal University'),(2285,'','Shanxi University'),(2286,'','Sharif University of Technology'),(2287,'','Shawnee Community College'),(2288,'','Shawnee State University'),(2289,'','Shaw University'),(2290,'','Sheffield Hallam University'),(2291,'','Sheldon Jackson College'),(2292,'','Shenandoah University'),(2293,'','Shenyang Pharmaceutical University'),(2294,'','Shenyang University of Technology'),(2295,'','Shenzhen University'),(2296,'','Shepherd College'),(2297,'','Sherman College of Straight Chiropractic'),(2298,'','Shibaura Institute of Technology'),(2299,'','Shiga University of Medical Science'),(2300,'','Shihezi University'),(2301,'','Shimane University'),(2302,'','Shimer College'),(2303,'','Shinshu University'),(2304,'','Shippensburg University of Pennsylvania'),(2305,'','Shivaji University'),(2306,'','Shizuoka University'),(2307,'','Shoreline Community College'),(2308,'','Shorter College'),(2309,'','Showa Pharmaceutical University'),(2310,'','Showa University'),(2311,'','Siberian Federal University'),(2312,'','Sichuan Agricultural University'),(2313,'','Sichuan Normal University'),(2314,'','Sichuan University'),(2315,'','Siena College'),(2316,'','Siena Heights University'),(2317,'','Sierra Nevada College'),(2318,'','Silesian University of Technology'),(2319,'','Silpakorn University'),(2320,'','Silver Lake College'),(2321,'','Simmons College'),(2322,'','Simon Bolivar University'),(2323,'','Simon Fraser University'),(2324,'','Simon\'s Rock College'),(2325,'','Simpson College'),(2326,'','Simpson College Iowa'),(2327,'','Singapore Management University'),(2328,'','Sinte Gleska University'),(2329,'','Skadron College'),(2330,'','Skidmore College'),(2331,'','Slippery Rock University'),(2332,'','Slovak University of Agriculture Nitra'),(2333,'','Slovak University of Technology Bratislava'),(2334,'','Smith College'),(2335,'','Sodertorn University College'),(2336,'','Sogang University'),(2337,'','Sojo University'),(2338,'','Sojourner-Douglass College'),(2339,'','Soka University of America'),(2340,'','Sokoine University of Agriculture'),(2341,'','Sonoma State University'),(2342,'','Soochow University'),(2343,'','Sookmyung Womens University'),(2344,'','Soonchunhyang University'),(2345,'','Soongsil University'),(2346,'','Sophia University'),(2347,'','South Carolina State University'),(2348,'','South China Agricultural University'),(2349,'','South China Normal University'),(2350,'','South China University of Technology'),(2351,'','South Dakota School of Mines and Technology'),(2352,'','South Dakota State University'),(2353,'','Southeastern Baptist College'),(2354,'','Southeastern Bible College'),(2355,'','Southeastern College of the Assemblies of God'),(2356,'','Southeastern Louisiana University'),(2357,'','Southeastern Oklahoma State University'),(2358,'','Southeastern University'),(2359,'','Southeast Missouri State University'),(2360,'','Southeast University - China'),(2361,'','Southern Adventist University'),(2362,'','Southern Arkansas University'),(2363,'','Southern California College'),(2364,'','Southern California College of Optometry'),(2365,'','Southern California Institute of Architecture'),(2366,'','Southern College of Optometry'),(2367,'','Southern Connecticut State University'),(2368,'','Southern Cross University'),(2369,'','Southern Federal University'),(2370,'','Southern Illinois University'),(2371,'','Southern Illinois University at Carbondale'),(2372,'','Southern Illinois University at Edwardsville'),(2373,'','Southern Illinois University Edwardsville'),(2374,'','Southern Medical University - China'),(2375,'','Southern Methodist University'),(2376,'','Southern Nazarene University'),(2377,'','Southern Oregon University'),(2378,'','Southern Polytechnic State Univerisity'),(2379,'','Southern University - Baton Rouge'),(2380,'','Southern University Baton Rouge'),(2381,'','Southern University - New Orleans'),(2382,'','Southern University - Shreveport'),(2383,'','Southern Utah University'),(2384,'','Southern Valley University'),(2385,'','Southern Vermont College'),(2386,'','Southern Wesleyan University'),(2387,'','South Florida Bible College & Theological Seminary'),(2388,'','South Texas College of Law'),(2389,'','Southwest Baptist University'),(2390,'','Southwestern Adventist University'),(2391,'','Southwestern Assemblies of God University'),(2392,'','Southwestern Baptist Theological Seminary'),(2393,'','Southwestern Christian College'),(2394,'','Southwestern Christian University'),(2395,'','Southwestern College'),(2396,'','Southwestern College Kansas'),(2397,'','Southwestern College Santa Fe'),(2398,'','Southwestern Oklahoma State University'),(2399,'','Southwestern University'),(2400,'','South Western University of Finance & Economics - China'),(2401,'','Southwestern University School of Law'),(2402,'','Southwest Jiaotong University'),(2403,'','Southwest Missouri State University'),(2404,'','Southwest Missouri State University - West Plains'),(2405,'','Southwest State University'),(2406,'','Southwest Texas State University'),(2407,'','Southwest University'),(2408,'','Southwest University - China'),(2409,'','Southwest University of Science & Technology - China'),(2410,'','Spalding University'),(2411,'','Spelman College'),(2412,'','Spertus Institute of Jewish Studies'),(2413,'','Spring Arbor College'),(2414,'','Springfield College'),(2415,'','Spring Hill College'),(2416,'','Srinakharinwirot University'),(2417,'','Sri Venkateswara University'),(2418,'','Staffordshire University'),(2419,'','St. Ambrose University'),(2420,'','Standford Online University'),(2421,'','Standford University'),(2422,'','St. Andrews Presbyterian College'),(2423,'','Stanford University'),(2424,'','St. Anselm College'),(2425,'','St. Anthony College of Nursing'),(2426,'','State University of New York at Albany'),(2427,'','State University of New York at Binghamton'),(2428,'','State University of New York at Buffalo'),(2429,'','State University of New York at New Paltz'),(2430,'','State University of New York at Oswego'),(2431,'','State University of New York at Stony Brook'),(2432,'','State University of New York College at Brockport'),(2433,'','State University of New York College at Cortland'),(2434,'','State University of New York College at Fredonia'),(2435,'','State University of New York College at Geneseo'),(2436,'','State University of New York College at Old Westbury'),(2437,'','State University of New York College at Oneonta'),(2438,'','State University of New York College at Plattsburgh'),(2439,'','State University of New York College at Potsdam'),(2440,'','State University of New York College at Purchase'),(2441,'','State University of New York College of Agriculture and Technology at Cobleskill'),(2442,'','State University of New York College of Environmental Science and Forestry'),(2443,'','State University of New York College of Optometry'),(2444,'','State University of New York College of Technology at Alfred'),(2445,'','State University of New York College of Technology at Farmingdale'),(2446,'','State University of New York Downstate Medical Center'),(2447,'','State University of New York Empire State College'),(2448,'','State University of New York Health Sience Centre Syracuse'),(2449,'','State University of New York Institute of Technology at Utica/Rome'),(2450,'','State University of New York Maritime College'),(2451,'','State University of New York School of Engineering and Applied Sciences'),(2452,'','State University of New York (SUNY)'),(2453,'','State University of New York (SUNY) Albany'),(2454,'','State University of New York (SUNY) Binghamton'),(2455,'','State University of New York (SUNY) Buffalo'),(2456,'','State University of New York (SUNY) College of Environmental Science & Forestry'),(2457,'','State University of New York (SUNY) Stony Brook'),(2458,'','State University of New York Upstate Medical University'),(2459,'','State University of West Georgia'),(2460,'','St. Augustine\'s College North Carolina'),(2461,'','St. Bernard\'s Institute'),(2462,'','St. Bonaventure University'),(2463,'','St. Cloud State University'),(2464,'','St. Edwards University'),(2465,'','Stefan University'),(2466,'','Stellenbosch University'),(2467,'','Stephen F. Austin State University'),(2468,'','Stephens College'),(2469,'','Sterling College'),(2470,'','Stetson University'),(2471,'','Stevens Institute of Technology'),(2472,'','St. Francis College Brooklyn Heights'),(2473,'','St. Francis College Fort Wayne'),(2474,'','St. Francis College Loretto'),(2475,'','St. Francis Medical Center College of Nursing'),(2476,'','St. George\'s University'),(2477,'','St Georges University London'),(2478,'','Stillman College'),(2479,'','St. John Fisher College'),(2480,'','St. John\'s College Maryland'),(2481,'','St. John\'s College New Mexico'),(2482,'','St. John\'s Seminary'),(2483,'','St. John\'s University'),(2484,'','St. Joseph College'),(2485,'','St. Joseph College of Nursing'),(2486,'','St. Joseph\'s College'),(2487,'','St. Joseph\'s College New York'),(2488,'','St. Joseph\'s College New York Suffolk Campus'),(2489,'','St. Joseph\'s College of Maine'),(2490,'','St. Joseph\'s University'),(2491,'','St. Lawrence University'),(2492,'','St. Leo College'),(2493,'','St. Louis Christian College'),(2494,'','St. Louis College of Pharmacy'),(2495,'','St. Louis University'),(2496,'','St. Luke\'s College'),(2497,'','St. Martin\'s College'),(2498,'','St. Mary College'),(2499,'','St. Mary-of-the-Woods College'),(2500,'','St. Mary\'s College Indiana'),(2501,'','St. Mary\'s College of California'),(2502,'','St. Mary\'s College of Maryland'),(2503,'','St. Mary\'s University of Minnesota'),(2504,'','St. Mary\'s University of San Antonio'),(2505,'','St. Meinrad College'),(2506,'','St. Michael\'s College'),(2507,'','St. Norbert College'),(2508,'','Stockholm School of Economics'),(2509,'','Stockholm University'),(2510,'','St. Olaf College'),(2511,'','Stonehill College'),(2512,'','St. Paul\'s College'),(2513,'','St Petersburg Academic University'),(2514,'','St. Peter\'s College'),(2515,'','Strayer University'),(2516,'','St. Thomas Aquinas College'),(2517,'','St. Thomas University'),(2518,'','St. Vincent College'),(2519,'','St. Xavier University'),(2520,'','Suffolk University'),(2521,'','Suleyman Demirel University'),(2522,'','Sullivan College'),(2523,'','Sul Ross State University'),(2524,'','Sultan Qaboos University'),(2525,'','Sunchon National University'),(2526,'','Sungkyunkwan University'),(2527,'','Sunshine Coast University'),(2528,'','Sun Yat Sen University'),(2529,'','Suranaree University of Technology'),(2530,'','Susquehanna University'),(2531,'','Suzhou University'),(2532,'','Swansea University'),(2533,'','Swarthmore College'),(2534,'','Swedish University of Agricultural Sciences'),(2535,'','Sweet Briar College'),(2536,'','Swinburne University of Technology'),(2537,'','Swiss Federal Institute of Technology Zurich'),(2538,'','Syracuse University'),(2539,'','Szeged University'),(2540,'','Szent Istvan University'),(2541,'','Tabor College'),(2542,'','Taipei Medical University'),(2543,'','Taiyuan University of Technology'),(2544,'','Talladega College'),(2545,'','Tallinn University of Technology'),(2546,'','Tamkang University'),(2547,'','Tampere University of Technology'),(2548,'','Taras Shevchenko National University Kiev'),(2549,'','Tarleton State University'),(2550,'','Tatung University'),(2551,'','Taylor University'),(2552,'','Taylor University Fort Wayne Campus'),(2553,'','Teachers College Columbia University'),(2554,'','Technical University Czestochowa'),(2555,'','Technical University Freiberg'),(2556,'','Technical University Kosice'),(2557,'','Technical University Liberec'),(2558,'','Technical University Lodz'),(2559,'','Technical University of Berlin'),(2560,'','Technical University of Cluj Napoca'),(2561,'','Technical University of Crete'),(2562,'','Technical University of Denmark'),(2563,'','Technical University of Dresden'),(2564,'','Technical University of Munich'),(2565,'','Technical University Ostrava'),(2566,'','Technion Israel Institute of Technology'),(2567,'','Technology Education Institute Crete'),(2568,'','Tehran University of Medical Sciences'),(2569,'','Teikyo University'),(2570,'','Tel Aviv University'),(2571,'','Temple University'),(2572,'','Temple University School of Podiatric Medicine'),(2573,'','Tennessee State University'),(2574,'','Tennessee Technological University'),(2575,'','Tennessee Temple University'),(2576,'','Tennessee Wesleyan College'),(2577,'','Texas A&M International University'),(2578,'','Texas A&M University'),(2579,'','Texas A&M University - Commerce'),(2580,'','Texas A&M University - Corpus Christi'),(2581,'','Texas A&M University - Galveston'),(2582,'','Texas A&M University - Kingsville'),(2583,'','Texas A&M University - Texarkana'),(2584,'','Texas A&M University College Station'),(2585,'','Texas A&M University Kingsville'),(2586,'','Texas A&M University Qatar'),(2587,'','Texas Chiropractic College'),(2588,'','Texas Christian University'),(2589,'','Texas College'),(2590,'','Texas College of Osteopathic Medicine'),(2591,'','Texas Lutheran University'),(2592,'','Texas Southern University'),(2593,'','Texas State University San Marcos'),(2594,'','Texas Tech University'),(2595,'','Texas Tech University Health Science Center'),(2596,'','Texas Wesleyan University'),(2597,'','Texas Woman\'s University'),(2598,'','Tezpur University'),(2599,'','Thammasat University'),(2600,'','Thapar University'),(2601,'','The American College'),(2602,'','The Art Institute of Boston'),(2603,'','The Art Institutes International Portland'),(2604,'','The Art Institutes International San Francisco'),(2605,'','The Boston Conservatory'),(2606,'','The Catholic University of America'),(2607,'','The Chicago School of Professional Psychology'),(2608,'','The College of Insurance'),(2609,'','The College of New Jersey'),(2610,'','The College of Santa Fe'),(2611,'','The College of St. Scholastica'),(2612,'','The College of Westchester'),(2613,'','The College of Wooster'),(2614,'','The Cooper Union for the Advancement of Science and Art'),(2615,'','The Corcoran College of Art'),(2616,'','The Curtis Institute of Music'),(2617,'','The Defiance College'),(2618,'','The Dickinson School of Law'),(2619,'','The Illinois Institute of Art-Chicago'),(2620,'','The Johns Hopkins University'),(2621,'','The Juilliard School'),(2622,'','The Leadership Institute of Seattle'),(2623,'','The Maryland Institute College of Art'),(2624,'','The Master\'s College'),(2625,'','The McGregor School of Antioch University'),(2626,'','The Naropa Institute'),(2627,'','The New School'),(2628,'','The Rockefeller University'),(2629,'','The School of the Art Institute of Chicago'),(2630,'','The Scripps Research Institute'),(2631,'','The Southern Christian University'),(2632,'','The Tulane University of New Orleans'),(2633,'','The Union Institute'),(2634,'','Thiel College'),(2635,'','Third Military Medical University'),(2636,'','Thomas A. Edison State College'),(2637,'','Thomas Aquinas College'),(2638,'','Thomas College Maine'),(2639,'','Thomas Jefferson University'),(2640,'','Thomas More College'),(2641,'','Thomas More College of Liberal Arts'),(2642,'','Thomas University'),(2643,'','Tianjin Medical University'),(2644,'','Tianjin Normal University'),(2645,'','Tianjin Polytechnic University'),(2646,'','Tianjin University'),(2647,'','Tianjin University of Technology'),(2648,'','Tiffin University'),(2649,'','Tilburg University'),(2650,'','TOBB Ekonomi ve Teknoloji University'),(2651,'','Toccoa Falls College'),(2652,'','Tohoku Pharmaceutical University'),(2653,'','Tohoku University'),(2654,'','Toho University'),(2655,'','Tokai University'),(2656,'','Tokushima Bunri University'),(2657,'','Tokyo City University'),(2658,'','Tokyo Denki University'),(2659,'','Tokyo Dental College'),(2660,'','Tokyo Gakugei University'),(2661,'','Tokyo Institute of Technology'),(2662,'','Tokyo Medical & Dental University'),(2663,'','Tokyo Medical University'),(2664,'','Tokyo Metropolitan University'),(2665,'','Tokyo University of Agriculture'),(2666,'','Tokyo University of Agriculture & Technology'),(2667,'','Tokyo University of Marine Science & Technology'),(2668,'','Tokyo University of Pharmacy & Life Sciences'),(2669,'','Tokyo University of Science'),(2670,'','Tokyo Womens Medical University'),(2671,'','Tomas Bata University Zlin'),(2672,'','Tomball College'),(2673,'','Tomsk Polytechnic University'),(2674,'','Tomsk State University'),(2675,'','Tongji University'),(2676,'','Tottori University'),(2677,'','Tougaloo College'),(2678,'','Toulouse School of Economics'),(2679,'','Touro College'),(2680,'','Touro University'),(2681,'','Towson University'),(2682,'','Toyama University'),(2683,'','Toyohashi University of Technology'),(2684,'','Toyota Technology Institute'),(2685,'','Trakya University'),(2686,'','Transylvania University'),(2687,'','Transylvania University of Brasov'),(2688,'','Trent University'),(2689,'','Trevecca Nazarene University'),(2690,'','Tri-College University'),(2691,'','Trident University'),(2692,'','Trinity Bible College'),(2693,'','Trinity Christian College'),(2694,'','Trinity College Connecticut'),(2695,'','Trinity College Dublin'),(2696,'','Trinity College of Florida'),(2697,'','Trinity College of Vermont'),(2698,'','Trinity International University'),(2699,'','Trinity International University (Excel) Miami'),(2700,'','Trinity University'),(2701,'','Tri-State University'),(2702,'','Triton College'),(2703,'','Troy University'),(2704,'','Troy University Dothan'),(2705,'','Troy University Montgomery'),(2706,'','Troy University Phenix City'),(2707,'','Troy University Troy'),(2708,'','Truman College'),(2709,'','Truman State University'),(2710,'','Tshwane University of Technology'),(2711,'','Tsing Hua University'),(2712,'','TU Clausthal'),(2713,'','Tufts University'),(2714,'','Tui Online University'),(2715,'','Tulane University'),(2716,'','Tunghai University'),(2717,'','Tuscia University'),(2718,'','Tusculum College'),(2719,'','Tuskegee University'),(2720,'','Tzu Chi University'),(2721,'','UHI Millennium Institute'),(2722,'','UiT The Arctic University of Tromso'),(2723,'','Ulsan National University of Science & Technology'),(2724,'','Uludag University'),(2725,'','Umea University'),(2726,'','Uniformed Services Universty of the Health Sciences'),(2727,'','Union College'),(2728,'','Union College Kentucky'),(2729,'','Union College Nebraska'),(2730,'','Union Theological Seminary (UTS)'),(2731,'','Union University'),(2732,'','United Arab Emirates University'),(2733,'','United States Air Force Academy'),(2734,'','United States Coast Guard Academy'),(2735,'','United States International University'),(2736,'','United States Merchant Marine Academy'),(2737,'','United States Military Academy'),(2738,'','United States Naval Academy'),(2739,'','United States Sports Academy'),(2740,'','Unity College'),(2741,'','Universidad Andres Bello'),(2742,'','Universidad Austral de Chile'),(2743,'','Universidad Catolica del Norte'),(2744,'','Universidad de Alcala'),(2745,'','Universidad de Almeria'),(2746,'','Universidad de Antofagasta'),(2747,'','Universidad de Burgos'),(2748,'','Universidad de Cadiz'),(2749,'','Universidad de Cantabria'),(2750,'','Universidad de Castilla-La Mancha'),(2751,'','Universidad de Chile'),(2752,'','Universidad de Concepcion'),(2753,'','Universidad de Cordoba'),(2754,'','Universidad de Extremadura'),(2755,'','Universidad de Huelva'),(2756,'','Universidad de Jaen'),(2757,'','Universidad de La Frontera'),(2758,'','Universidad de la Laguna'),(2759,'','Universidad de La Rioja'),(2760,'','Universidad de La Serena'),(2761,'','Universidad de Las Palmas de Gran Canaria'),(2762,'','Universidad del Bio-Bio'),(2763,'','Universidad de Leon'),(2764,'','Universidad de Malaga'),(2765,'','Universidad de Santiago de Chile'),(2766,'','Universidad de Talca'),(2767,'','Universidad de Tarapaca'),(2768,'','Universidad de Valladolid'),(2769,'','Universidad de Valparaiso'),(2770,'','Universidade Catolica de Brasilia'),(2771,'','Universidade Catolica Portuguesa'),(2772,'','Universidade da Coruna'),(2773,'','Universidade de Aveiro'),(2774,'','Universidade de Brasilia'),(2775,'','Universidade de Coimbra'),(2776,'','Universidade de Lisboa'),(2777,'','Universidade de Sao Paulo'),(2778,'','Universidade do Algarve'),(2779,'','Universidade do Estado do Rio de Janeiro'),(2780,'','Universidade do Minho'),(2781,'','Universidade do Porto'),(2782,'','Universidade Estadual de Campinas'),(2783,'','Universidade Estadual de Maringa'),(2784,'','Universidade Estadual Paulista'),(2785,'','Universidade Federal da Bahia'),(2786,'','Universidade Federal da Paraiba'),(2787,'','Universidade Federal de Alagoas'),(2788,'','Universidade Federal de Campina Grande'),(2789,'','Universidade Federal de Goias'),(2790,'','Universidade Federal de Lavras'),(2791,'','Universidade Federal de Minas Gerais'),(2792,'','Universidade Federal de Ouro Preto'),(2793,'','Universidade Federal de Pelotas'),(2794,'','Universidade Federal de Pernambuco'),(2795,'','Universidade Federal de Santa Catarina (UFSC)'),(2796,'','Universidade Federal de Santa Maria (UFSM)'),(2797,'','Universidade Federal de Sao Carlos'),(2798,'','Universidade Federal de Sao Paulo (UNIFESP)'),(2799,'','Universidade Federal de Uberlandia'),(2800,'','Universidade Federal de Vicosa'),(2801,'','Universidade Federal do ABC (UFABC)'),(2802,'','Universidade Federal do Ceara'),(2803,'','Universidade Federal do Parana'),(2804,'','Universidade Federal do Rio de Janeiro'),(2805,'','Universidade Federal do Rio Grande do Norte'),(2806,'','Universidade Federal do Rio Grande do Sul'),(2807,'','Universidade Federal Fluminense'),(2808,'','Universidade Federal Rural do Rio de Janeiro (UFRRJ)'),(2809,'','Universidade Nova de Lisboa'),(2810,'','Universidade Presbiteriana Mackenzie'),(2811,'','Universidad Miguel Hernandez de Elche'),(2812,'','Universidad Nacional de Colombia'),(2813,'','Universidad Nacional Educacion a Distancia'),(2814,'','Universidad Pablo de Olavide'),(2815,'','Universidad Politecnica de Cartagena'),(2816,'','Universidad Publica de Navarra'),(2817,'','Universidad Rey Juan Carlos'),(2818,'','Universidad Tecnica Federico Santa Maria'),(2819,'','Universita degli studi di Roma Foro Italico'),(2820,'','Universita Mediterranea di Reggio Calabria'),(2821,'','Universitat d\'Alacant'),(2822,'','Universitat de Girona'),(2823,'','Universitat de les Illes Balears'),(2824,'','Universitat de Lleida'),(2825,'','Universitat Jaume I'),(2826,'','Universitat Ramon Llull'),(2827,'','Universitat Rovira i Virgili'),(2828,'','Universite Bordeaux 1'),(2829,'','Universite Bordeaux Segalen - Bordeaux II'),(2830,'','Universite Catholique Louvain'),(2831,'','Universite d\'Avignon et des Pays de Vaucluse'),(2832,'','Universite de la Mediterranee - Aix-Marseille II'),(2833,'','Universite de Provence - Aix-Marseille I'),(2834,'','Universite de Tunis'),(2835,'','Universite de Valenciennes et du Hainaut-Cambresis'),(2836,'','Universite d\'Evry-Val-d\'Essonne'),(2837,'','Universite Michel de Montaigne - Bordeaux 3'),(2838,'','Universite Montesquieu - Bordeaux IV'),(2839,'','Universite Nice Sophia Antipolis'),(2840,'','Universite Paris-Est Marne-la-Vallee'),(2841,'','Universite Paul Cezanne - Aix-Marseille III'),(2842,'','Universite Paul-Valery Montpellier 3'),(2843,'','Universiti Kebangsaan Malaysia'),(2844,'','Universiti Malaya'),(2845,'','Universiti Malaysia Sabah'),(2846,'','Universiti Sains Malaysia'),(2847,'','Universiti Teknologi Malaysia'),(2848,'','Universiti Teknologi MARA'),(2849,'','Universiti Teknologi Petronas'),(2850,'','University Campus Bio-Medico - Rome Italy'),(2851,'','University Cheikh Anta Diop Dakar'),(2852,'','University College Cork'),(2853,'','University College Dublin'),(2854,'','University College London'),(2855,'','University Desarrollo'),(2856,'','University Djillali Liabes Sidi Bel Abbes'),(2857,'','University Habana'),(2858,'','University Hawaii Hilo'),(2859,'','University Hohenheim'),(2860,'','University Incheon'),(2861,'','University Libre Brussels'),(2862,'','University Malaysia Pahang'),(2863,'','University Massachusetts Dartmouth'),(2864,'','University Michoacana'),(2865,'','University of Aberdeen'),(2866,'','University of Abertay Dundee'),(2867,'','University of Adelaide'),(2868,'','University of Advancing Technology (UAT)'),(2869,'','University of Aegean'),(2870,'','University of Agricltural Sciences & Veterinary Medicine Cluj Napoca'),(2871,'','University of Agriculture Faisalabad'),(2872,'','University of Aix-Marseille'),(2873,'','University of Akron'),(2874,'','University of Alabama Birmingham'),(2875,'','University of Alabama - Birmingham'),(2876,'','University of Alabama Huntsville'),(2877,'','University of Alabama - Huntsville'),(2878,'','University of Alabama Tuscaloosa'),(2879,'','University of Alabama - Tuscaloosa'),(2880,'','University of Alanta'),(2881,'','University of Alaska Anchorage'),(2882,'','University of Alaska - Anchorage'),(2883,'','University of Alaska Fairbanks'),(2884,'','University of Alaska - Fairbanks'),(2885,'','University of Alaska - Southeast'),(2886,'','University of Alaska (System)'),(2887,'','University of Alberta'),(2888,'','University of Allahabad'),(2889,'','University of Amsterdam'),(2890,'','University of Angers'),(2891,'','University of Antwerp'),(2892,'','University of Applied Sciences & Arts Western Switzerland'),(2893,'','University of Aquila'),(2894,'','University of Arizona'),(2895,'','University of Arkansas at Fayetteville'),(2896,'','University of Arkansas at Little Rock'),(2897,'','University of Arkansas at Monticello'),(2898,'','University of Arkansas at Pine Bluff'),(2899,'','University of Arkansas Fayetteville'),(2900,'','University of Arkansas for Medical Sciences'),(2901,'','University of Arkansas Little Rock'),(2902,'','University of Arkansas Medical Sciences'),(2903,'','University of Arkansas (System)'),(2904,'','University of Artois'),(2905,'','University of Athens'),(2906,'','University of Auckland'),(2907,'','University of Augsburg'),(2908,'','University of Auvergne'),(2909,'','University of Babes Bolyai'),(2910,'','University of Bahrain'),(2911,'','University of Baltimore'),(2912,'','University of Barcelona'),(2913,'','University of Bari'),(2914,'','University of Basel'),(2915,'','University of Basilicata'),(2916,'','University of Basque Country'),(2917,'','University of Bath'),(2918,'','University of Bayreuth'),(2919,'','University of Bedfordshire'),(2920,'','University of Beira Interior'),(2921,'','University of Belgrade'),(2922,'','University of Bergamo'),(2923,'','University of Bergen'),(2924,'','University of Bern'),(2925,'','University of Bialystok'),(2926,'','University of Bielefeld'),(2927,'','University of Birmingham'),(2928,'','University of Bodenkultur Wien'),(2929,'','University of Bologna'),(2930,'','University of Bolton'),(2931,'','University of Bonn'),(2932,'','University of Botswana'),(2933,'','University of Bourgogne - Dijon'),(2934,'','University of Bradford'),(2935,'','University of Bremen'),(2936,'','University of Brescia'),(2937,'','University of Bridgeport'),(2938,'','University of Brighton'),(2939,'','University of Bristol'),(2940,'','University of British Columbia'),(2941,'','University of Bucharest'),(2942,'','University of Buenos Aires'),(2943,'','University of Burdwan'),(2944,'','University of Caen'),(2945,'','University of Ca Foscari Venezia'),(2946,'','University of Cagliari'),(2947,'','University of Calabria'),(2948,'','University of Calcutta'),(2949,'','University of Calgary'),(2950,'','University of California Berkeley'),(2951,'','University of California Davis'),(2952,'','University of California Hastings College of Law'),(2953,'','University of California Irvine'),(2954,'','University of California Los Angeles'),(2955,'','University of California Merced'),(2956,'','University of California Oakland'),(2957,'','University of California Riverside'),(2958,'','University of California San Diego'),(2959,'','University of California San Francisco'),(2960,'','University of California Santa Barbara'),(2961,'','University of California Santa Cruz'),(2962,'','University of California System'),(2963,'','University of Cambridge'),(2964,'','University of Camerino'),(2965,'','University of Canberra'),(2966,'','University of Canterbury'),(2967,'','University of Cape Town'),(2968,'','University of Carlos III Madrid'),(2969,'','University of Carthage'),(2970,'','University of Cassino'),(2971,'','University of Catania'),(2972,'','University of Central Arkansas'),(2973,'','University of Central Florida'),(2974,'','University of Central Lancashire'),(2975,'','University of Central Missouri'),(2976,'','University of Central Oklahoma'),(2977,'','University of Central Texas'),(2978,'','University of Central Venezuela'),(2979,'','University of Cergy - Pontoise'),(2980,'','University of Charleston'),(2981,'','University of Charleston South Carolina'),(2982,'','University of Chemical Technology & Metallurgy - Bulgaria'),(2983,'','University of Chester'),(2984,'','University of Chicago'),(2985,'','University of Cincinnati'),(2986,'','University of Claude Bernard - Lyon 1'),(2987,'','University of Colima'),(2988,'','University of Cologne'),(2989,'','University of Colombo'),(2990,'','University of Colorado at Boulder'),(2991,'','University of Colorado at Colorado Springs'),(2992,'','University of Colorado at Denver'),(2993,'','University of Colorado Boulder'),(2994,'','University of Colorado Denver'),(2995,'','University of Colorado Health Sciences Center'),(2996,'','University of Connecticut'),(2997,'','University of Connecticut at Avery Point'),(2998,'','University of Connecticut at Hartford'),(2999,'','University of Connecticut at Stamford'),(3000,'','University of Connecticut at Waterbury'),(3001,'','University of Connecticut Health Center'),(3002,'','University of Copenhagen'),(3003,'','University of Costa Rica'),(3004,'','University of Craiova'),(3005,'','University of Crete'),(3006,'','University of Cyprus'),(3007,'','University of Dallas'),(3008,'','University of Dar es Salaam'),(3009,'','University of Dayton'),(3010,'','University of Debrecen'),(3011,'','University of Delaware'),(3012,'','University of Delhi'),(3013,'','University of Del Norte'),(3014,'','University of Denver'),(3015,'','University of Derby'),(3016,'','University of Detroit Mercy'),(3017,'','University of Deusto'),(3018,'','University of Dubuque'),(3019,'','University of Duisburg Essen'),(3020,'','University of Dundee'),(3021,'','University of East Anglia'),(3022,'','University of Eastern Finland'),(3023,'','University of Eastern Piedmont Amedeo Avogadro'),(3024,'','University of East London'),(3025,'','University of Economics - Prague'),(3026,'','University of Edinburgh'),(3027,'','University of Electro-Communications - Japan'),(3028,'','University of Electronic Science & Technology - China'),(3029,'','University of Engineering & Technology Lahore'),(3030,'','University of Erlangen Nuremberg'),(3031,'','University of Essex'),(3032,'','University of Evansville'),(3033,'','University of Evora'),(3034,'','University of Exeter'),(3035,'','University of Ferrara'),(3036,'','University of Findlay'),(3037,'','University of Florence'),(3038,'','University of Florida'),(3039,'','University of Foggia'),(3040,'','University of Fort Hare'),(3041,'','University of Francois Rabelais - Tours'),(3042,'','University of Freiburg'),(3043,'','University of Fribourg'),(3044,'','University of Fukui'),(3045,'','University of Gdansk'),(3046,'','University of Geneva'),(3047,'','University of Genoa'),(3048,'','University of Georgia'),(3049,'','University of Ghana'),(3050,'','University of Glamorgan'),(3051,'','University of Glasgow'),(3052,'','University of Gloucestershire'),(3053,'','University of Gothenburg'),(3054,'','University of Gottingen'),(3055,'','University of Granada'),(3056,'','University of Graz'),(3057,'','University of Great Falls'),(3058,'','University of Greenwich'),(3059,'','University of Groningen'),(3060,'','University of Guadalajara'),(3061,'','University of Guelph'),(3062,'','University of Haifa'),(3063,'','University of Hamburg'),(3064,'','University of Hannover'),(3065,'','University of Hartford'),(3066,'','University of Haute Bretagne - Rennes 2'),(3067,'','University of Hawaii - Hilo'),(3068,'','University of Hawaii Manoa'),(3069,'','University of Hawaii - Manoa'),(3070,'','University Of Hawaii - System'),(3071,'','University of Hawaii - West Oahu'),(3072,'','University of Health Sciences'),(3073,'','University of Helsinki'),(3074,'','University of Henri Poincare - Nancy I'),(3075,'','University of Hertfordshire'),(3076,'','University of Hong Kong'),(3077,'','University of Houston'),(3078,'','University of Houston Clear Lake'),(3079,'','University of Houston Downtown'),(3080,'','University of Houston Victoria'),(3081,'','University of Huddersfield'),(3082,'','University of Hull'),(3083,'','University of Hyderabad'),(3084,'','University of Hyogo'),(3085,'','University of Ibadan'),(3086,'','University of Iceland'),(3087,'','University of Idaho'),(3088,'','University of Illinois'),(3089,'','University of Illinois at Chicago'),(3090,'','University of Illinois at Springfield'),(3091,'','University of Illinois at Urbana-Champaign'),(3092,'','University of Illinois Chicago'),(3093,'','University of Illinois Peoria'),(3094,'','University of Illinois Urbana-Champaign'),(3095,'','University of Ilorin'),(3096,'','University of Indianapolis'),(3097,'','University of Indonesia'),(3098,'','University of Innsbruck'),(3099,'','University of Insubria'),(3100,'','University of International Business & Economics'),(3101,'','University of Ioannina'),(3102,'','University of Iowa'),(3103,'','University of Jammu'),(3104,'','University of Jan Evangelista Purkyne'),(3105,'','University of Jinan'),(3106,'','University of JJ Strossmayer Osijek'),(3107,'','University of Johannesburg'),(3108,'','University of Jordan'),(3109,'','University of Jyvaskyla'),(3110,'','University of Kaiserslautern'),(3111,'','University of Kansas'),(3112,'','University of Kansas Medical Center'),(3113,'','University of Karachi'),(3114,'','University of Kashmir'),(3115,'','University of Kent'),(3116,'','University of Kentucky'),(3117,'','University of Kerala'),(3118,'','University of Khartoum'),(3119,'','University of Kiel'),(3120,'','University of Klagenfurt'),(3121,'','University of Konstanz'),(3122,'','University of Kwazulu Natal'),(3123,'','University of Lagos'),(3124,'','University of La Reunion'),(3125,'','University of La Rochelle'),(3126,'','University of Latvia'),(3127,'','University of Lausanne'),(3128,'','University of Laval'),(3129,'','University of La Verne'),(3130,'','University of Leeds'),(3131,'','University of Le Havre'),(3132,'','University of Leicester'),(3133,'','University of Leipzig'),(3134,'','University of Le Mirail - Toulouse II'),(3135,'','University of Leoben'),(3136,'','University of Lethbridge'),(3137,'','University of Liege'),(3138,'','University of Lille I'),(3139,'','University of Lille II'),(3140,'','University of Limerick'),(3141,'','University of Limoges'),(3142,'','University of Limpopo'),(3143,'','University of Lincoln'),(3144,'','University of Littoral'),(3145,'','University of Liverpool'),(3146,'','University of Ljubljana'),(3147,'','University of Lodz'),(3148,'','University of London Institute of Education'),(3149,'','University of London Royal Veterinary College'),(3150,'','University of London School Oriental & African Studies (SOAS)'),(3151,'','University of Lorraine'),(3152,'','University of Los Andes Venezuela'),(3153,'','University of Louisiana at Lafayette'),(3154,'','University of Louisiana at Monroe'),(3155,'','University of Louisiana Lafayette'),(3156,'','University of Louisiana Monroe'),(3157,'','University of Louisville'),(3158,'','University of Lubeck'),(3159,'','University of Lugano'),(3160,'','University of Lumiere - Lyon II'),(3161,'','University of Luxembourg'),(3162,'','University of Macau'),(3163,'','University of Madras'),(3164,'','University of Maine'),(3165,'','University of Maine Augusta'),(3166,'','University of Maine Farmington'),(3167,'','University of Maine Fort Kent'),(3168,'','University of Maine - Le Mans'),(3169,'','University of Maine Machias'),(3170,'','University of Maine Orono'),(3171,'','University of Maine Presque Isle'),(3172,'','University of Maine (System)'),(3173,'','University of Malawi'),(3174,'','University of Malaysia Perlis'),(3175,'','University of Malaysia Sarawak'),(3176,'','University of Malaysia Terengganu'),(3177,'','University of Management & Technology'),(3178,'','University of Manchester'),(3179,'','University of Manitoba'),(3180,'','University of Mannheim'),(3181,'','University of Manouba'),(3182,'','University of Maribor'),(3183,'','University of Marrakech Cadi Ayyad'),(3184,'','University of Mary'),(3185,'','University of Mary Hardin-Baylor'),(3186,'','University of Maryland at Baltimore'),(3187,'','University of Maryland at College Park'),(3188,'','University of Maryland Baltimore'),(3189,'','University of Maryland Baltimore County'),(3190,'','University of Maryland College Park'),(3191,'','University of Maryland Eastern Shore'),(3192,'','University of Maryland Medicine'),(3193,'','University of Maryland (System)'),(3194,'','University of Maryland University College'),(3195,'','University of Massachusetts Amherst'),(3196,'','University of Massachusetts at Amherst'),(3197,'','University of Massachusetts at Boston'),(3198,'','University of Massachusetts at Dartmouth'),(3199,'','University of Massachusetts at Lowell'),(3200,'','University of Massachusetts Boston'),(3201,'','University of Massachusetts Lowell'),(3202,'','University of Massachusetts Medical Center at Worcester'),(3203,'','University of Massachusetts (System)'),(3204,'','University of Massachusetts Worcester'),(3205,'','University of Medicine and Dentistry of New Jersey'),(3206,'','University of Medicine & Dentistry New Jersey'),(3207,'','University of Melbourne'),(3208,'','University of Memphis'),(3209,'','University of Messina'),(3210,'','University of Metz'),(3211,'','University of Miami'),(3212,'','University of Michigan'),(3213,'','University of Michigan - Ann Arbor'),(3214,'','University of Michigan - Dearborn'),(3215,'','University of Michigan - Flint'),(3216,'','University of Milan'),(3217,'','University of Milano-Bicocca'),(3218,'','University of Minnesota - Crookston'),(3219,'','University of Minnesota Duluth'),(3220,'','University of Minnesota - Duluth'),(3221,'','University of Minnesota - Morris'),(3222,'','University of Minnesota Twin Cities'),(3223,'','University of Minnesota - Twin Cities Campus'),(3224,'','University of Miskolc'),(3225,'','University of Mississippi'),(3226,'','University of Mississippi Medical Center'),(3227,'','University of Missouri Columbia'),(3228,'','University of Missouri - Columbia'),(3229,'','University of Missouri - Kansas City'),(3230,'','University of Missouri Kansas City'),(3231,'','University of Missouri - Saint Louis'),(3232,'','University of Missouri Saint Louis'),(3233,'','University of Miyazaki'),(3234,'','University of Mobile'),(3235,'','University of Modena & Reggio Emilia'),(3236,'','University of Molise'),(3237,'','University of Monastir'),(3238,'','University of Moncton'),(3239,'','University of Mons'),(3240,'','University of Montana'),(3241,'','University of Montana Western'),(3242,'','University of Montevallo'),(3243,'','University of Montpellier I'),(3244,'','University of Montpellier II'),(3245,'','University of Montreal'),(3246,'','University of Mumbai'),(3247,'','University of Munich'),(3248,'','University of Munster'),(3249,'','University of Murcia'),(3250,'','University of Mysore'),(3251,'','University of Nairobi'),(3252,'','University of Namur'),(3253,'','University of Nanterre - Paris X'),(3254,'','University of Nantes'),(3255,'','University of Naples Federico II'),(3256,'','University of Navarra'),(3257,'','University of Nebraska - Kearney'),(3258,'','University of Nebraska Lincoln'),(3259,'','University of Nebraska - Lincoln'),(3260,'','University of Nebraska Medical Center'),(3261,'','University of Nebraska Omaha'),(3262,'','University of Nebraska - Omaha'),(3263,'','University of Nebraska (System)'),(3264,'','University of Neuchatel'),(3265,'','University of Nevada - Las Vegas'),(3266,'','University of Nevada Las Vegas'),(3267,'','University of Nevada Reno'),(3268,'','University of Nevada - Reno'),(3269,'','University of New Brunswick'),(3270,'','University of Newcastle'),(3271,'','University of New England'),(3272,'','University of New England Westbrook College Campus'),(3273,'','University of New Hampshire'),(3274,'','University of New Hampshire - Manchester'),(3275,'','University of New Haven'),(3276,'','University of New Mexico'),(3277,'','University of New Orleans'),(3278,'','University of New South Wales'),(3279,'','University of Nigeria'),(3280,'','University of North Alabama'),(3281,'','University of North America'),(3282,'','University of Northampton'),(3283,'','University of North British Columbia'),(3284,'','University of North Carolina at Asheville'),(3285,'','University of North Carolina at Chapel Hill'),(3286,'','University of North Carolina at Charlotte'),(3287,'','University of North Carolina at Greensboro'),(3288,'','University of North Carolina at Pembroke'),(3289,'','University of North Carolina at Wilmington'),(3290,'','University of North Carolina Chapel Hill'),(3291,'','University of North Carolina Charlotte'),(3292,'','University of North Carolina Greensboro'),(3293,'','University of North Carolina Wilmington'),(3294,'','University of North Dakota'),(3295,'','University of North Dakota Grand Forks'),(3296,'','University of Northern Colorado'),(3297,'','University of Northern Iowa'),(3298,'','University of Northern Virginia'),(3299,'','University of Northern Washington'),(3300,'','University of North Florida'),(3301,'','University of North Texas'),(3302,'','University of North Texas Denton'),(3303,'','University of North Texas Health Science Center at Fort Worth'),(3304,'','University of NorthWest'),(3305,'','University of Notre Dame'),(3306,'','University of Notre Dame Australia'),(3307,'','University of Nottingham'),(3308,'','University of Nottingham Malaysia'),(3309,'','University of Nova Gorica'),(3310,'','University of Occupational & Environmental Health - Japan'),(3311,'','University of Oklahoma'),(3312,'','University of Oklahoma Health Sciences Center'),(3313,'','University of Ontario Institute Technology'),(3314,'','University of Opole'),(3315,'','University of Oradea'),(3316,'','University of Oregon'),(3317,'','University of Orleans'),(3318,'','University of Oslo'),(3319,'','University of Osteopathic Medicine and Health Science'),(3320,'','University of Ostrava'),(3321,'','University of Otago'),(3322,'','University of Ottawa'),(3323,'','University of Oulu'),(3324,'','University of Oviedo'),(3325,'','University of Oxford'),(3326,'','University of Padua'),(3327,'','University of Palermo - Italy'),(3328,'','University of Pannonia'),(3329,'','University of Pantheon Sorbonne - Paris I'),(3330,'','University of Pardubice'),(3331,'','University of Paris 8 Vincennes-Saint-Denis'),(3332,'','University of Paris Dauphine - Paris IX'),(3333,'','University of Paris Descartes - Paris V'),(3334,'','University of Paris Diderot - Paris VII'),(3335,'','University of Paris-Est Creteil'),(3336,'','University of Paris Nord - Paris XIII'),(3337,'','University of Paris Sorbonne - Paris IV'),(3338,'','University of Paris Sud - Paris XI'),(3339,'','University of Parma'),(3340,'','University of Patras'),(3341,'','University of Paul Sabatier - Toulouse III'),(3342,'','University of Pau & Pays Adour'),(3343,'','University of Pavia'),(3344,'','University of Pavol Jozef Safarik Kosice'),(3345,'','University of Pecs'),(3346,'','University of Peloponnese'),(3347,'','University of Pennsylvania'),(3348,'','University of Peradeniya'),(3349,'','University of Perpignan Via Domitia'),(3350,'','University of Perubatan Antarabangsa'),(3351,'','University of Perugia'),(3352,'','University of Peshawar'),(3353,'','University of Phoenix'),(3354,'','University of Picardie-Jules-Verne'),(3355,'','University of Piraeus'),(3356,'','University of Pisa'),(3357,'','University of Pittsburgh'),(3358,'','University of Pittsburgh at Bradford'),(3359,'','University of Pittsburgh at Greensburg'),(3360,'','University of Pittsburgh at Johnstown'),(3361,'','University of Plymouth'),(3362,'','University of Poitiers'),(3363,'','University of Portland'),(3364,'','University of Portsmouth'),(3365,'','University of Potsdam'),(3366,'','University of Pretoria'),(3367,'','University of Primorska'),(3368,'','University of Prince Edward Island'),(3369,'','University of Puerto Rico Mayaguez'),(3370,'','University of Puerto Rico Rio Piedras'),(3371,'','University of Puget Sound'),(3372,'','University of Pune'),(3373,'','University of Punjab'),(3374,'','University of Qatar'),(3375,'','University of Quebec'),(3376,'','University of Quebec Chicoutimi'),(3377,'','University of Quebec Montreal'),(3378,'','University of Quebec Trois Rivieres'),(3379,'','University of Queensland'),(3380,'','University of Reading'),(3381,'','University of Redlands'),(3382,'','University of Regensburg'),(3383,'','University of Regina'),(3384,'','University of Reims Champagne-Ardenne'),(3385,'','University of Rennes 1'),(3386,'','University of Rhode Island'),(3387,'','University of Richmond'),(3388,'','University of Rijeka'),(3389,'','University of Rio Grande'),(3390,'','University of Rochester'),(3391,'','University of Rome Tor Vergata'),(3392,'','University of Rostock'),(3393,'','University of Rouen'),(3394,'','University of Ryukyus'),(3395,'','University of Rzeszow'),(3396,'','University of Salamanca'),(3397,'','University of Salento'),(3398,'','University of Salerno'),(3399,'','University of Salford'),(3400,'','University of San Diego'),(3401,'','University of San Francisco'),(3402,'','University of Sannio'),(3403,'','University of Santiago De Compostela'),(3404,'','University of Sargodha'),(3405,'','University of Saskatchewan'),(3406,'','University of Sassari'),(3407,'','University of Savoie'),(3408,'','University of Science and Arts of Oklahoma'),(3409,'','University of Sciences Sociales - Toulouse I'),(3410,'','University of Science & Technology - Beijing'),(3411,'','University of Science & Technology - China'),(3412,'','University of Scranton'),(3413,'','University of Seoul'),(3414,'','University of Sevilla'),(3415,'','University of Sfax'),(3416,'','University of Sharjah'),(3417,'','University of Sheffield'),(3418,'','University of Sherbrooke'),(3419,'','University of Shizuoka'),(3420,'','University of Siena'),(3421,'','University of Silesia'),(3422,'','University of Sindh'),(3423,'','University of Sioux Falls'),(3424,'','University of Skovde'),(3425,'','University of Sofia'),(3426,'','University of Sonora'),(3427,'','University of Sousse'),(3428,'','University of South Africa'),(3429,'','University of South Alabama'),(3430,'','University of Southampton'),(3431,'','University of South Australia'),(3432,'','University of South Bohemia Ceske Budejovice'),(3433,'','University of South Carolina'),(3434,'','University of South Carolina - Aiken'),(3435,'','University of South Carolina - Beaufort'),(3436,'','University of South Carolina Columbia'),(3437,'','University of South Carolina - Lancaster'),(3438,'','University of South Carolina - Salkehatchie'),(3439,'','University of South Carolina - Spartanburg'),(3440,'','University of South Carolina - Sumter'),(3441,'','University of South Carolina - Union'),(3442,'','University of South Dakota'),(3443,'','University of Southern Bretagne'),(3444,'','University of Southern California'),(3445,'','University of Southern Denmark'),(3446,'','University of Southern Indiana'),(3447,'','University of Southern Maine'),(3448,'','University of Southern Mississippi'),(3449,'','University of Southern Queensland'),(3450,'','University of South Florida'),(3451,'','University of Split'),(3452,'','University of St Andrews'),(3453,'','University of Stendhal - Grenoble III'),(3454,'','University of St. Francis'),(3455,'','University of St Gallen'),(3456,'','University of Stirling'),(3457,'','University of Strasbourg'),(3458,'','University of Strathclyde'),(3459,'','University of St. Thomas Houston'),(3460,'','University of St Thomas Minnesota'),(3461,'','University of St. Thomas St. Paul'),(3462,'','University of Stuttgart'),(3463,'','University of Sud Toulon-Var'),(3464,'','University of Surrey'),(3465,'','University of Sussex'),(3466,'','University of Sydney'),(3467,'','University of Szczecin'),(3468,'','University of Tabriz'),(3469,'','University of Tampa'),(3470,'','University of Tampere'),(3471,'','University of Tartu'),(3472,'','University of Tasmania'),(3473,'','University of Technology of Compiegne'),(3474,'','University of Technology of Troyes'),(3475,'','University of Technology Sydney'),(3476,'','University of Teesside'),(3477,'','University of Tehran'),(3478,'','University of Tenaga Nasional'),(3479,'','University of Tennessee - Chattanooga'),(3480,'','University of Tennessee Knoxville'),(3481,'','University of Tennessee - Knoxville'),(3482,'','University of Tennessee - Martin'),(3483,'','University of Tennessee - Memphis'),(3484,'','University of Tennessee Space Institute'),(3485,'','University of Teramo'),(3486,'','University of Texas'),(3487,'','University of Texas Arlington'),(3488,'','University of Texas at Arlington'),(3489,'','University of Texas at Austin'),(3490,'','University of Texas at Brownsville'),(3491,'','University of Texas at Dallas'),(3492,'','University of Texas at El Paso'),(3493,'','University of Texas at San Antonio'),(3494,'','University of Texas at Tyler'),(3495,'','University of Texas Austin'),(3496,'','University of Texas Dallas'),(3497,'','University of Texas El Paso'),(3498,'','University of Texas Health Center at Houston'),(3499,'','University of Texas Health Center at Tyler'),(3500,'','University of Texas Health Science Center at San Antonio'),(3501,'','University of Texas M.D. Anderson Cancer Center'),(3502,'','University of Texas Medical Branch Galveston'),(3503,'','University of Texas of the Permian Basin'),(3504,'','University of Texas Pan American'),(3505,'','University of Texas San Antonio'),(3506,'','University of Texas School Public Health'),(3507,'','University of Texas Southwestern Medical Center at Dallas'),(3508,'','University of the Andes Colombia'),(3509,'','University of the Arts'),(3510,'','University of the District of Columbia'),(3511,'','University of the Free State'),(3512,'','University of the Incarnate World'),(3513,'','University of the Ozarks'),(3514,'','University of the Pacific'),(3515,'','University of the Philippines Diliman'),(3516,'','University of the Philippines Los Banos'),(3517,'','University of the Philippines Manila'),(3518,'','University of the Republic - Uruguay'),(3519,'','University of the Sciences in Philadelphia'),(3520,'','University of the South'),(3521,'','University of the South Pacific'),(3522,'','University of the Southwest'),(3523,'','University of Thessaly'),(3524,'','University of the Western Cape'),(3525,'','University of the West Indies'),(3526,'','University of Tokushima'),(3527,'','University of Tokyo'),(3528,'','University of Toledo'),(3529,'','University of Toronto'),(3530,'','University of Tras-os-Montes & Alto Douro'),(3531,'','University of Trento'),(3532,'','University of Trieste'),(3533,'','University of Tromso'),(3534,'','University of Tsukuba'),(3535,'','University of Tulsa'),(3536,'','University of Tun Hussein Onn Malaysia'),(3537,'','University of Tunis El Manar'),(3538,'','University of Tunku Abdul Rahman'),(3539,'','University of Turin'),(3540,'','University of Turku'),(3541,'','University of Twente'),(3542,'','University of Udine'),(3543,'','University of Ulm'),(3544,'','University of Ulsan'),(3545,'','University of Ulster'),(3546,'','University of Urbino'),(3547,'','University of Utah'),(3548,'','University of Utrecht'),(3549,'','University of Valencia'),(3550,'','University of Vermont'),(3551,'','University of Verona'),(3552,'','University of Versailles Saint-Quentin-En-Yvelines'),(3553,'','University of Veterinary & Animal Science - Pakistan'),(3554,'','University of Veterinary Medicine Vienna'),(3555,'','University of Veterinary & Pharmaceutical Sciences - Brno'),(3556,'','University of Victoria'),(3557,'','University of Vienna'),(3558,'','University of Vigo'),(3559,'','University of Virginia'),(3560,'','University of Virginia College at Wise'),(3561,'','University of Waikato'),(3562,'','University of Warmia & Mazury'),(3563,'','University of Warsaw'),(3564,'','University of Warwick'),(3565,'','University of Washington'),(3566,'','University of Washington Seattle'),(3567,'','University of Washington Tacoma'),(3568,'','University of Waterloo'),(3569,'','University of West Alabama'),(3570,'','University of West Bohemia Pilsen'),(3571,'','University of West England'),(3572,'','University of Western Australia'),(3573,'','University of Western Brittany'),(3574,'','University of Western Macedonia'),(3575,'','University of Western Sydney'),(3576,'','University of West Florida'),(3577,'','University of West Los Angeles'),(3578,'','University of Westminster'),(3579,'','University of West Scotland'),(3580,'','University of Windsor'),(3581,'','University of Winnipeg'),(3582,'','University of Wisconsin - Eau Claire'),(3583,'','University of Wisconsin - Green Bay'),(3584,'','University of Wisconsin - La Crosse'),(3585,'','University of Wisconsin Madison'),(3586,'','University of Wisconsin - Madison'),(3587,'','University of Wisconsin Milwaukee'),(3588,'','University of Wisconsin - Milwaukee'),(3589,'','University of Wisconsin - Oshkosh'),(3590,'','University of Wisconsin - Parkside'),(3591,'','University of Wisconsin - Platteville'),(3592,'','University of Wisconsin - River Falls'),(3593,'','University of Wisconsin - Stevens Point'),(3594,'','University of Wisconsin - Stout'),(3595,'','University of Wisconsin - Superior'),(3596,'','University of Wisconsin - Whitewater'),(3597,'','University of Witwatersrand'),(3598,'','University of Wollongong'),(3599,'','University of Wolverhampton'),(3600,'','University of Wroclaw'),(3601,'','University of Wurzburg'),(3602,'','University of Wyoming'),(3603,'','University of Yamanashi'),(3604,'','University of Yaounde I'),(3605,'','University of York - UK'),(3606,'','University of Zagreb'),(3607,'','University of Zaragoza'),(3608,'','University of Zielona Gora'),(3609,'','University of Zimbabwe'),(3610,'','University of Zurich'),(3611,'','University Peruana Cayetano Heredia'),(3612,'','University Quebec Outaouais'),(3613,'','University Science & Technology Houari Boumediene'),(3614,'','University Shiga Prefecture'),(3615,'','Upper Iowa University'),(3616,'','Uppsala University'),(3617,'','Ural Federal University'),(3618,'','Urbana University'),(3619,'','Ursinus College'),(3620,'','Ursuline College'),(3621,'','Utah State University'),(3622,'','Utah Valley State College'),(3623,'','Utah Valley University'),(3624,'','Utica College'),(3625,'','Utsunomiya University'),(3626,'','Valdosta State University'),(3627,'','Valley City State University'),(3628,'','Valley Forge Christian College'),(3629,'','Valparaiso University'),(3630,'','Vanderbilt University'),(3631,'','VanderCook College of Music'),(3632,'','Vanguard University of Southern California'),(3633,'','Vassar College'),(3634,'','Vellore Institute of Technology'),(3635,'','Vennard College'),(3636,'','Vermont Law School'),(3637,'','Vermont Technical College'),(3638,'','Victoria University'),(3639,'','Victoria University Wellington'),(3640,'','Vienna University of Economics & Business'),(3641,'','Vienna University of Technology'),(3642,'','Vietnam National University'),(3643,'','Vietnam National University Hanoi'),(3644,'','Vietnam National University Hochiminh City'),(3645,'','Villa Julie College'),(3646,'','Villanova University'),(3647,'','Vilnius Gediminas Technical University'),(3648,'','Vilnius University'),(3649,'','Virginia College'),(3650,'','Virginia Commonwealth University'),(3651,'','Virginia Intermont College'),(3652,'','Virginia International University'),(3653,'','Virginia Military Institute'),(3654,'','Virginia Polytechnic Institute'),(3655,'','Virginia Polytechnic Institute and State University (Virginia Tech)'),(3656,'','Virginia State University'),(3657,'','Virginia Union University'),(3658,'','Virginia Wesleyan College'),(3659,'','Vita-Salute San Raffaele University'),(3660,'','Viterbo College'),(3661,'','VN Karazin Kharkiv National University'),(3662,'','Voorhees College'),(3663,'','Voronezh State University'),(3664,'','Vrije University of Brussels'),(3665,'','VU University Amsterdam'),(3666,'','Wabash College'),(3667,'','Wageningen University & Research Center'),(3668,'','Wagner College'),(3669,'','Wakayama Medical University'),(3670,'','Wake Forest University'),(3671,'','Wake Forest University School of Medicine'),(3672,'','Walden University'),(3673,'','Walla Walla College'),(3674,'','Walsh College of Accountancy and Business Administration'),(3675,'','Walsh University'),(3676,'','Warner Pacific College'),(3677,'','Warner Southern College'),(3678,'','Warren Wilson College'),(3679,'','Warsaw University Observatory'),(3680,'','Warsaw University of Life Sciences'),(3681,'','Warsaw University of Technology'),(3682,'','Wartburg College'),(3683,'','Waseda University'),(3684,'','Washburn University'),(3685,'','Washington and Lee University'),(3686,'','Washington Bible College'),(3687,'','Washington College'),(3688,'','Washington State University'),(3689,'','Washington State University Spokane'),(3690,'','Washington State University Tri-Cities'),(3691,'','Washington State University Vancouver'),(3692,'','Washington University'),(3693,'','Washington University in St. Louis'),(3694,'','Wayland Baptist University'),(3695,'','Waynesburg College'),(3696,'','Wayne State College'),(3697,'','Wayne State University'),(3698,'','Webber College'),(3699,'','Webb Institute'),(3700,'','Weber State University'),(3701,'','Webster University'),(3702,'','Webster University North Florida'),(3703,'','Weill Medical College of Cornell University'),(3704,'','Wellesley College'),(3705,'','Wells College'),(3706,'','Wentworth Institute of Technology'),(3707,'','Wenzhou Medical University'),(3708,'','Wenzhou University'),(3709,'','Wesleyan College'),(3710,'','Wesleyan University'),(3711,'','Wesley College'),(3712,'','Wesley College Mississippi'),(3713,'','Westbrook University'),(3714,'','West Chester University of Pennsylvania'),(3715,'','West Coast University'),(3716,'','Western Baptist College'),(3717,'','Western Bible College'),(3718,'','Western Carolina University'),(3719,'','Western Connecticut State University'),(3720,'','Western Governors University'),(3721,'','Western Illinois University'),(3722,'','Western International University'),(3723,'','Western Kentucky University'),(3724,'','Western Maryland College'),(3725,'','Western Michigan University'),(3726,'','Western New England College'),(3727,'','Western New Mexico University'),(3728,'','Western Oregon University'),(3729,'','Western State College'),(3730,'','Western States Chiropractic College'),(3731,'','Western State University College of Law'),(3732,'','Western State University College of Law - Orange County'),(3733,'','Western University - Canada'),(3734,'','Western Washington University'),(3735,'','Westfield State College'),(3736,'','West Liberty State College'),(3737,'','Westminster College Fulton'),(3738,'','Westminster College New Wilmington'),(3739,'','Westminster College of Salt Lake City'),(3740,'','Westmont College'),(3741,'','West Pomeranian University of Technology'),(3742,'','West Suburban College of Nursing'),(3743,'','West Texas A&M University'),(3744,'','West University of Timisoara'),(3745,'','West Virginia School of Osteopathic Medicine'),(3746,'','West Virginia State College'),(3747,'','West Virginia University'),(3748,'','West Virginia University Institute of Technology'),(3749,'','West Virginia Wesleyan College'),(3750,'','Westwood College'),(3751,'','Wheaton College Massachusetts'),(3752,'','Wheeling Jesuit University'),(3753,'','Wheelock College'),(3754,'','Whitman College'),(3755,'','Whittier College'),(3756,'','Whitworth College'),(3757,'','Wichita State University'),(3758,'','Widener University'),(3759,'','Wilberforce University'),(3760,'','Wilbur Wright College'),(3761,'','Wiley College'),(3762,'','Wilfrid Laurier University'),(3763,'','Wilkes University'),(3764,'','Willamette University'),(3765,'','William Carey College'),(3766,'','William Jewell College'),(3767,'','William Mitchell College of Law'),(3768,'','William Paterson University'),(3769,'','William Penn College'),(3770,'','Williams Baptist College'),(3771,'','Williams College'),(3772,'','William Tyndale College'),(3773,'','William Woods University'),(3774,'','Wilmington College'),(3775,'','Wilson College'),(3776,'','Wingate University'),(3777,'','Winona State University'),(3778,'','Winston-Salem State University'),(3779,'','Winthrop University'),(3780,'','Wisconsin Lutheran College'),(3781,'','Wisconsin School of Professional Psychology'),(3782,'','Wittenberg University'),(3783,'','Witten Herdecke University'),(3784,'','Wofford College'),(3785,'','Wonkwang University'),(3786,'','Woodbury University'),(3787,'','Worcester Polytechnic Institute'),(3788,'','Worcester State College'),(3789,'','Wright Institute'),(3790,'','Wright State University'),(3791,'','Wright State University Dayton'),(3792,'','Wroclaw University of Environmental & Life Sciences'),(3793,'','Wroclaw University of Technology'),(3794,'','Wuhan Institute of Technology'),(3795,'','Wuhan University'),(3796,'','Wuhan University of Science & Technology'),(3797,'','Wuhan University of Technology'),(3798,'','Xavier University'),(3799,'','Xavier University of Louisiana'),(3800,'','Xiamen University'),(3801,'','Xiangtan University'),(3802,'','Xian Jiaotong University'),(3803,'','Xian Technological University'),(3804,'','XiAn University of Architecture & Techology'),(3805,'','XiAn University of Science & Technology'),(3806,'','XiAn University of Technology'),(3807,'','Xidian University'),(3808,'','Xinjiang University'),(3809,'','Xuzhou Medical College'),(3810,'','Yakin Dogu University'),(3811,'','Yale University'),(3812,'','Yamagata University'),(3813,'','Yamaguchi University'),(3814,'','Yanbian University'),(3815,'','Yangzhou University'),(3816,'','Yanshan University'),(3817,'','Yantai University'),(3818,'','Yarmouk University'),(3819,'','Yeditepe University'),(3820,'','Yeshiva University'),(3821,'','Yeungnam University'),(3822,'','Yildiz Teknik University'),(3823,'','Yokohama City University'),(3824,'','Yokohama National University'),(3825,'','Yonsei University'),(3826,'','York College Nebraska'),(3827,'','York College of Pennsylvania'),(3828,'','Yorker International University'),(3829,'','York University'),(3830,'','York University - Canada'),(3831,'','Youngstown State University'),(3832,'','Yuan Ze University'),(3833,'','Yunnan Normal University'),(3834,'','Yunnan University'),(3835,'','Yuzuncu Yil University'),(3836,'','Zhejiang Gongshang University'),(3837,'','Zhejiang Normal University'),(3838,'','Zhejiang University'),(3839,'','Zhejiang University of Science & Technology'),(3840,'','Zhejiang University of Technology'),(3841,'','Zhengzhou University'),(3842,'','Zurich University of Applied Sciences');
INSERT INTO `PropertyDescriptor` (`id`, `defaultValue`, `name`, `type`) VALUES (-3,'23','numeric.property',1),(-2,'childValue','child.property',2),(-1,'parentValue','parent.property',2),(2,'DENIED_BY_DEFAULT','box.available',3),(3,'DENIED_BY_DEFAULT','dropbox.available',3),(4,'DENIED_BY_DEFAULT','googledrive.available',3),(5,'DENIED_BY_DEFAULT','onedrive.available',3),(6,'DENIED_BY_DEFAULT','mendeley.available',3),(7,'DENIED_BY_DEFAULT','chemistry.available',3),(9,'DENIED_BY_DEFAULT','box.linking.enabled',3),(10,'DENIED_BY_DEFAULT','dropbox.linking.enabled',3),(11,'DENIED_BY_DEFAULT','googledrive.linking.enabled',3),(12,'DENIED_BY_DEFAULT','onedrive.linking.enabled',3),(13,'DENIED_BY_DEFAULT','box.api.enabled',3),(14,'DENIED_BY_DEFAULT','slack.available',3),(15,'','SLACK_CHANNEL_NAME',2),(16,'','SLACK_TEAM_NAME',2),(17,'','SLACK_CHANNEL_LABEL',2),(18,'','SLACK_WEBHOOK_URL',2),(19,'DENIED_BY_DEFAULT','dataverse.available',3),(20,'','DATAVERSE_URL',2),(21,'','DATAVERSE_APIKEY',2),(22,'','DATAVERSE_ALIAS',2),(27,'DENIED_BY_DEFAULT','github.available',3),(28,'','GITHUB_REPOSITORY_FULL_NAME',2),(29,'','GITHUB_ACCESS_TOKEN',2),(30,'DENIED_BY_DEFAULT','orcid.available',3),(31,'','ORCID_ID',2),(32,'DENIED_BY_DEFAULT','figshare.available',3),(33,'DENIED_BY_DEFAULT','api.available',3),(35,'DENIED_BY_DEFAULT','pi_can_edit_all_work_in_labgroup',3),(36,'DENIED_BY_DEFAULT','egnyte.available',3),(37,'','EGNYTE_DOMAIN',2),(38,'DENIED_BY_DEFAULT','msteams.available',3),(39,'','MSTEAMS_CHANNEL_LABEL',2),(40,'','MSTEAMS_WEBHOOK_URL',2),(41,'','SLACK_TEAM_ID',2),(42,'','SLACK_USER_ID',2),(43,'','SLACK_CHANNEL_ID',2),(44,'','SLACK_USER_ACCESS_TOKEN',2),(45,'DENIED_BY_DEFAULT','onboarding.available',3),(52,'ALLOWED','protocols_io.available',3),(53,'','PROTOCOLS_IO_PUBLIC_ACCESS_TOKEN',2),(54,'ALLOWED','owncloud.available',3),(55,'ALLOWED','evernote.available',3),(56,'ALLOWED','snapgene.available',3),(57,'ALLOWED','group_autosharing.available',3),(58,'ALLOWED','publicLastLogin.available',3),(59,'DENIED','pyrat.available',3),(60,'DENIED','dmptool.available',3),(61,'DENIED','inventory.available',3),(62,'ALLOWED','clustermarket.available',3),(63,'ALLOWED','jove.available',3),(64,'DENIED','self_service_labgroups',3),(65,'DENIED','public_sharing',3),(66,'DENIED','publicdocs_allow_seo',3),(67,'ALLOWED','nextcloud.available',3),(68,'ALLOWED','dryad.available',3),(69,'ALLOWED','argos.available',3),(70,'ALLOWED','zenodo.available',3),(71,'','ZENODO_APIKEY',2),(72,'DENIED','allow_project_groups',3),(73,'ALLOWED','omero.available',3),(74,'','datacite.enabled',0),(75,'','datacite.server.url',2),(76,'','datacite.username',2),(77,'','datacite.password',2),(78,'','datacite.repositoryPrefix',2),(79,'ALLOWED','rspaceinstance.ror',3),(80,'ALLOWED','dmponline.available',3);
INSERT INTO `Role_permissionStrings` (`Role_id`, `permissionStrings`) VALUES (-2,'FORM:READ:property_global=true'),(-2,'COMMS:READ:property_name=SIMPLEMESSAGE'),(-2,'COMMS:READ:property_name=REQUESTRECORDREVIEW'),(-2,'COMMS:READ:property_name=REQUESTRECORDWITNESS'),(-2,'FORM:CREATE,READ,WRITE,SHARE,DELETE:property_owner=${self}'),(-2,'FORM:CREATE'),(-2,'RECORD:SIGN:property_owner=${self}'),(-1,'FORM:CREATE,READ,WRITE,SHARE,DELETE'),(-1,'FORM:CREATE'),(-1,'COMMS:READ:property_name=SIMPLEMESSAGE'),(-1,'COMMS:READ:property_name=REQUESTRECORDREVIEW'),(-1,'COMMS:READ:property_name=REQUESTRECORDWITNESS'),(-1,'RECORD:SIGN:property_owner=${self}'),(-4,'FORM:CREATE,READ,WRITE,SHARE,DELETE'),(-4,'GROUP:CREATE,WRITE'),(-4,'FORM:CREATE'),(-4,'COMMS:READ:property_name=SIMPLEMESSAGE'),(-4,'COMMS:READ:property_name=REQUESTRECORDREVIEW'),(-4,'COMMS:READ:property_name=REQUESTRECORDWITNESS'),(-4,'RECORD:SIGN:property_owner=${self}'),(-1,'COMMS:READ:property_name=REQUESTJOINLABGROUP'),(-1,'USER:WRITE:property_username=${self}'),(-4,'USER:WRITE:property_username=${self}'),(-2,'USER:WRITE:property_username=${self}'),(-1,'USER:CREATE:property_role=ROLEUSER,ROLEPI,ROLEADMIN'),(-4,'USER:CREATE:'),(-4,'COMMUNITY:WRITE:'),(-1,'USER:DELETE:property_role=ROLEUSER,ROLEPI,ROLEADMIN'),(-4,'USER:DELETE:'),(-1,'COMMS:READ:property_name=REQUESTCREATELABGROUP'),(-3,'COMMS:READ:property_name=REQUESTCREATELABGROUP'),(-4,'COMMS:READ:property_name=REQUESTCREATELABGROUP'),(-2,'COMMS:READ:property_name=REQUESTCREATELABGROUP'),(-1,'COMMS:READ:property_name=GLOBALMESSAGE'),(-4,'COMMS:READ:property_name=GLOBALMESSAGE'),(-1,'COMMS:READ:property_name=REQUESTSHARERECORD'),(-3,'COMMS:READ:property_name=REQUESTSHARERECORD'),(-4,'COMMS:READ:property_name=REQUESTSHARERECORD'),(-2,'COMMS:READ:property_name=REQUESTSHARERECORD'),(-4,'COMMS:READ:property_name=REQUESTJOINLABGROUP'),(-4,'RECORD:READ:'),(-1,'APP:CREATE,READ,WRITE,DELETE:property_user=${self}'),(-3,'APP:CREATE,READ,WRITE,DELETE:property_user=${self}'),(-4,'APP:CREATE,READ,WRITE,DELETE:property_user=${self}'),(-2,'APP:CREATE,READ,WRITE,DELETE:property_user=${self}'),(-3,'FORM:CREATE'),(-3,'RECORD:PUBLISH:property_sharingACL=${self}'),(-3,'RECORD:PUBLISH:property_owner=${self}'),(-2,'RECORD:PUBLISH:property_owner=${self}');
INSERT INTO `SystemProperty` (`id`, `dependent_id`, `descriptor_id`) VALUES (-3,NULL,-3),(-2,-1,-2),(-1,NULL,-1),(2,NULL,2),(3,NULL,3),(4,NULL,4),(5,NULL,5),(6,NULL,6),(7,NULL,7),(9,2,9),(10,3,10),(11,4,11),(12,5,12),(13,2,13),(14,NULL,14),(15,NULL,19),(17,NULL,27),(18,NULL,30),(19,NULL,32),(20,NULL,33),(21,NULL,35),(22,NULL,36),(23,NULL,38),(24,NULL,45),(26,NULL,52),(27,NULL,54),(28,NULL,55),(29,NULL,56),(30,NULL,57),(31,NULL,58),(32,NULL,59),(33,NULL,60),(34,NULL,61),(35,NULL,62),(36,NULL,63),(37,NULL,64),(38,NULL,65),(39,NULL,66),(40,NULL,67),(41,NULL,68),(42,NULL,69),(43,NULL,70),(44,NULL,72),(45,NULL,73),(46,NULL,74),(47,NULL,75),(48,NULL,76),(49,NULL,77),(50,NULL,78),(51,NULL,79),(52,NULL,80);
INSERT INTO `SystemPropertyValue` (`id`, `value`, `property_id`, `community_id`) VALUES (1,'ALLOWED',9,NULL),(2,'ALLOWED',10,NULL),(3,'ALLOWED',11,NULL),(4,'ALLOWED',12,NULL),(5,'DENIED',13,NULL),(6,'DENIED',14,NULL),(8,'ALLOWED',2,NULL),(9,'ALLOWED',3,NULL),(10,'ALLOWED',4,NULL),(11,'ALLOWED',5,NULL),(12,'ALLOWED',6,NULL),(13,'ALLOWED',7,NULL),(15,'ALLOWED',15,NULL),(17,'DENIED',17,NULL),(18,'DENIED',18,NULL),(19,'DENIED',19,NULL),(20,'ALLOWED',20,NULL),(21,'DENIED_BY_DEFAULT',21,NULL),(22,'DENIED',22,NULL),(23,'DENIED',23,NULL),(24,'ALLOWED',24,NULL),(26,'ALLOWED',26,NULL),(27,'ALLOWED',27,NULL),(28,'ALLOWED',28,NULL),(29,'DENIED',29,NULL),(30,'ALLOWED',30,NULL),(31,'ALLOWED',31,NULL),(32,'DENIED',32,NULL),(33,'DENIED',33,NULL),(34,'ALLOWED',34,NULL),(35,'DENIED',35,NULL),(36,'DENIED',36,NULL),(37,'DENIED',37,NULL),(38,'DENIED',38,NULL),(39,'DENIED',39,NULL),(40,'DENIED',40,NULL),(41,'DENIED',41,NULL),(42,'DENIED',42,NULL),(43,'DENIED',43,NULL),(44,'DENIED',44,NULL),(45,'DENIED',45,NULL),(46,'false',46,NULL),(47,'https://api.datacite.org',47,NULL),(48,'',48,NULL),(49,'',49,NULL),(50,'',50,NULL),(51,'',51,NULL),(52,'DENIED',52,NULL);
INSERT INTO `User` (`id`, `version`, `account_expired`, `account_locked`, `contentInitialized`, `credentials_expired`, `email`, `account_enabled`, `first_name`, `lastLogin`, `last_name`, `loginFailure`, `numConsecutiveLoginFailures`, `password`, `salt`, `username`, `rootFolder_id`, `tempAccount`, `signupSource`, `privateProfile`, `creationDate`, `affiliation`, `verificationPassword`, `sid`, `allowedPiRole`, `permissionStrings`, `tagsJsonString`) VALUES (-13999,1,'\0','\0','\0','\0','anonymous@anonymous.com','','',NULL,'public',NULL,0,'3fa11720ad436523ee5fba7fb8c8747fe072f2013177da2f34002f7a5372d7f7',NULL,'rspace anonymous guest',NULL,'\0','SSO_BACKDOOR',NULL,NULL,'n/a',NULL,NULL,'\0',NULL,NULL),(-12,1,'\0','\0','\0','\0','sysadmin@researchspace.com','','System',NULL,'Admin',NULL,0,'caa6eec0faa20efba3b7af44af7107b05334759954ef3581030cc8e6199a33bf',NULL,'sysadmin1',NULL,'\0','INTERNAL',NULL,'2026-06-10 09:52:13.000000','n/a',NULL,NULL,'\0','RECORD:READ:community=-1;;GROUP:WRITE:community=-1',NULL),(-2,1,'\0','\0','\0','\0','admin@researchspace.com','\0','admin',NULL,'one',NULL,0,'4c12e5931a8b5adb50486e6f2764a8887c4ab8fb17b18285f2ee9d20888aec51',NULL,'admin',NULL,'\0','INTERNAL',NULL,'2026-06-10 09:52:13.000000','n/a',NULL,NULL,'\0',NULL,NULL);
INSERT INTO `community_admin` (`community_id`, `user_id`) VALUES (-1,-12);
INSERT INTO `roles` (`id`, `description`, `name`) VALUES (-5,'anonymous guest role','ROLE_ANONYMOUS'),(-4,'System admin  role','ROLE_SYSADMIN'),(-3,'PI role','ROLE_PI'),(-2,'Default role for all Users','ROLE_USER'),(-1,'Administrator role (can edit Users)','ROLE_ADMIN');
INSERT INTO `user_role` (`user_id`, `role_id`) VALUES (-13999,-5),(-12,-4),(-2,-1);
SET FOREIGN_KEY_CHECKS=1;
